"","Species","Lon","Lat"
"1","LeucaRubru",23.45971,-33.235055
"2","ProteLorif",23.461398,-33.23487
"3","ProteLorif",23.687302,-33.08565
"4","ProteLorif",23.717902,-33.062449
"5","RhodoFruti",23.45971,-33.235055
"6","RhodoFruti",23.687302,-33.08565
"7","ArctoAcaul",20.66372,-34.429904
"8","ArctoAcaul",18.994395,-34.279446
"9","ArctoAcaul",21.249501,-33.979078
"10","ArctoAcaul",21.231195,-33.971757
"11","ArctoAcaul",18.416108,-33.961845
"12","ArctoAcaul",21.224695,-33.953889
"13","ArctoAcaul",23.847686,-33.835764
"14","ArctoAcaul",19.59405,-32.864983
"15","ArctoAcaul",18.736916,-32.854335
"16","ArctoAcaul",19.096917,-32.709495
"17","ArctoAcaul",19.099417,-32.705521
"18","ArctoAcaul",19.163017,-32.631712
"19","ArctoAcaul",19.26666667,-32.53888889
"20","ArctoAcaul",19.080282,-31.50624
"21","ArctoAcaul",19.142853,-31.360569
"22","ArctoSemip",18.852004,-34.325183
"23","ArctoSemip",18.942106,-34.288734
"24","ArctoSemip",18.963092,-33.998337
"25","ArctoSemip",18.972981,-33.991472
"26","ArctoSemip",18.983185,-33.983894
"27","ArctoSemip",19.114546,-33.694557
"28","ArctoSemip",19.1075,-33.61111111
"29","ArctoSemip",19.169962,-33.540435
"30","ArctoSemip",19.397859,-33.478238
"31","ArctoSemip",20.311357,-33.390501
"32","ArctoSemip",18.77111111,-32.76
"33","ArctoSemip",19.143755,-32.627913
"34","ArctoSemip",19.15904,-32.430173
"35","ArctoSemip",19.104788,-32.362053
"36","ArctoSemip",19.063427,-32.239331
"37","AskidPanic",19.072672,-34.024665
"38","AskidPanic",18.96571,-34.011637
"39","AskidPanic",19.032682,-33.990342
"40","AskidPanic",18.985804,-33.981738
"41","AskidPanic",19.509915,-33.961854
"42","AskidPanic",19.52027778,-33.94333333
"43","AskidPanic",19.156826,-33.914351
"44","AskidPanic",19.199171,-33.870513
"45","AskidPanic",19.17886,-33.857045
"46","AskidPanic",19.061686,-33.816511
"47","AskidPanic",19.063269,-33.806307
"48","AskidPanic",19.035208,-33.76699
"49","AskidPanic",19.086641,-33.766762
"50","AskidPanic",19.143557,-33.655438
"51","AskidPanic",19.100058,-33.617454
"52","AskidPanic",19.106879,-33.611513
"53","AskidPanic",19.381768,-33.557401
"54","AskidPanic",19.402759,-33.550636
"55","AskidPanic",19.396125,-33.537503
"56","AskidPanic",19.50725,-33.472407
"57","AskidPanic",19.315022,-33.47194
"58","AskidPanic",19.27055556,-33.3675
"59","CeratAtrat",18.88852,-34.230115
"60","CeratAtrat",18.41194444,-34.2225
"61","CeratAtrat",19.056326,-34.084872
"62","CeratAtrat",19.059816,-34.082384
"63","CeratAtrat",20.708717,-33.992894
"64","CeratAtrat",18.97383,-33.992568
"65","CeratAtrat",18.972323,-33.991667
"66","CeratAtrat",18.972522,-33.991556
"67","CeratAtrat",18.972981,-33.991472
"68","CeratAtrat",20.709848,-33.987374
"69","CeratAtrat",20.710457,-33.986888
"70","CeratAtrat",18.983185,-33.983894
"71","CeratAtrat",18.986581,-33.982105
"72","CeratAtrat",18.403773,-33.980434
"73","CeratAtrat",20.707413,-33.975115
"74","CeratAtrat",18.418837,-33.973185
"75","CeratAtrat",18.407401,-33.973169
"76","CeratAtrat",21.55028,-33.970969
"77","CeratAtrat",18.426082,-33.966486
"78","CeratAtrat",18.416072,-33.96337
"79","CeratAtrat",20.425719,-33.943851
"80","CeratAtrat",21.052759,-33.938884
"81","CeratAtrat",19.159502,-33.919273
"82","CeratAtrat",19.158513,-33.916921
"83","CeratAtrat",19.16083333,-33.88722222
"84","CeratAtrat",22.431258,-33.883296
"85","CeratAtrat",22.432032,-33.882904
"86","CeratAtrat",22.030035,-33.871514
"87","CeratAtrat",21.963846,-33.861519
"88","CeratAtrat",19.053826,-33.815256
"89","CeratAtrat",19.08599,-33.760911
"90","CeratAtrat",19.121806,-33.603092
"91","CeratAtrat",19.450192,-33.439185
"92","CeratAtrat",19.08361111,-33.01083333
"93","CeratAtrat",19.076487,-32.895334
"94","CeratAtrat",19.169866,-32.633185
"95","CeratAtrat",18.966147,-32.37451
"96","CeratGlobo",19.603932,-34.021002
"97","CeratGlobo",19.025792,-34.020502
"98","CeratGlobo",19.028494,-34.018026
"99","CeratGlobo",19.030588,-34.01717
"100","CeratGlobo",19.040014,-34.007742
"101","CeratGlobo",20.474006,-33.987214
"102","CeratGlobo",18.984661,-33.971704
"103","CeratGlobo",19.535933,-33.957773
"104","CeratGlobo",19.51918,-33.95777
"105","CeratGlobo",22.415437,-33.899924
"106","CeratGlobo",22.029947,-33.871483
"107","CeratGlobo",19.081196,-33.76211
"108","CeratGlobo",19.147923,-33.655622
"109","CeratGlobo",21.331655,-33.401153
"110","CeratGlobo",19.660084,-33.375117
"111","CeratGlobo",19.621452,-33.367176
"112","CeratGlobo",19.310107,-33.186219
"113","CeratGlobo",19.10503222,-32.99097944
"114","CeratGlobo",19.186323,-32.859104
"115","CeratGlobo",19.10611111,-32.40555556
"116","CeratGlobo",19.106742,-32.366546
"117","CeratGlobo",19.059111,-32.206857
"118","ChondEbrac",18.928449,-34.326544
"119","ChondEbrac",18.89072,-34.255219
"120","ChondEbrac",19.136791,-34.146758
"121","ChondEbrac",19.05262,-34.082809
"122","ChondEbrac",19.003546,-34.049187
"123","ChondEbrac",19.035115,-34.012744
"124","ChondEbrac",18.430048,-33.981874
"125","ChondEbrac",19.506266,-33.971629
"126","ChondEbrac",18.411066,-33.968416
"127","ChondEbrac",18.42528,-33.96611
"128","ChondEbrac",18.414989,-33.9645
"129","ChondEbrac",18.415513,-33.95133
"130","ChondEbrac",18.980435,-33.936952
"131","ChondEbrac",20.877174,-33.876048
"132","ChondEbrac",19.129635,-33.692103
"133","ChondEbrac",19.16961,-33.601966
"134","ChondEbrac",19.990012,-33.240345
"135","CorycCarno",19.561562,-34.557072
"136","CorycCarno",18.41194444,-34.2225
"137","CorycCarno",19.597665,-34.021944
"138","CorycCarno",19.028234,-34.017703
"139","CorycCarno",18.965418,-34.011106
"140","CorycCarno",19.029428,-34.005684
"141","CorycCarno",18.415629,-33.984859
"142","CorycCarno",18.405724,-33.978881
"143","CorycCarno",20.45911,-33.977696
"144","CorycCarno",20.707413,-33.975115
"145","CorycCarno",18.411876,-33.967958
"146","CorycCarno",21.229767,-33.958466
"147","CorycCarno",21.19888889,-33.95805556
"148","CorycCarno",21.167378,-33.957909
"149","CorycCarno",20.846245,-33.956009
"150","CorycCarno",20.855644,-33.927472
"151","CorycCarno",19.081196,-33.76211
"152","CorycCarno",19.147923,-33.655622
"153","CorycCarno",19.120629,-33.602487
"154","CorycCarno",22.24305556,-33.32777778
"155","DispaErico",20.67,-34.41
"156","DispaErico",20.58,-34.37
"157","DispaErico",19.28,-34.33
"158","DispaErico",18.95,-34.31
"159","DispaErico",18.99,-34.26
"160","DispaErico",19.15,-34.23
"161","DispaErico",19.92,-34.03
"162","DispaErico",19.51,-33.97
"163","DispaErico",19.15,-33.91
"164","DispaErico",20.15,-33.64
"165","DispaErico",19.1,-33.62
"166","DispaErico",18.4,-33.6
"167","DispaErico",19.57,-33.57
"168","DispaErico",19.6,-33.56
"169","DispaErico",19.47,-33.55
"170","DispaErico",18.36,-33.54
"171","DispaErico",19.72,-33.3
"172","DispeCapeC",19.224084,-34.338604
"173","DispeCapeC",19.409936,-34.313562
"174","DispeCapeC",21.234335,-34.303451
"175","DispeCapeC",19.170534,-34.214387
"176","DispeCapeC",18.994754,-34.039264
"177","DispeCapeC",19.013498,-34.011053
"178","DispeCapeC",18.972522,-33.991556
"179","DispeCapeC",18.978708,-33.98908
"180","DispeCapeC",18.97522,-33.982341
"181","DispeCapeC",20.474046,-33.982143
"182","DispeCapeC",18.975467,-33.982015
"183","DispeCapeC",20.830575,-33.980374
"184","DispeCapeC",21.219441,-33.967194
"185","DispeCapeC",18.439226,-33.954158
"186","DispeCapeC",20.855125,-33.931349
"187","DispeCapeC",18.91709,-33.92812
"188","DispeCapeC",25.194262,-33.902062
"189","DispeCapeC",19.15833333,-33.88333333
"190","DispeCapeC",23.053505,-33.720933
"191","DispeCapeC",20.534691,-33.27344
"192","DispeCapeC",18.774587,-31.778989
"193","DispeCapeC",18.798083,-31.688688
"194","EhrhaCalyc",20.408387,-34.416728
"195","EhrhaCalyc",21.041752,-34.326121
"196","EhrhaCalyc",18.994395,-34.279446
"197","EhrhaCalyc",18.92885,-34.147536
"198","EhrhaCalyc",18.972981,-33.991472
"199","EhrhaCalyc",18.421176,-33.972956
"200","EhrhaCalyc",18.415919,-33.958083
"201","EhrhaCalyc",18.416881,-33.956112
"202","EhrhaCalyc",18.405726,-33.955704
"203","EhrhaCalyc",18.439663,-33.954234
"204","EhrhaCalyc",18.440412,-33.952786
"205","EhrhaCalyc",18.924035,-33.935454
"206","EhrhaCalyc",20.467708,-33.927352
"207","EhrhaCalyc",20.449387,-33.926956
"208","EhrhaCalyc",21.738859,-33.918151
"209","EhrhaCalyc",18.988038,-33.915641
"210","EhrhaCalyc",19.152617,-33.906512
"211","EhrhaCalyc",22.402077,-33.890185
"212","EhrhaCalyc",19.157809,-33.865441
"213","EhrhaCalyc",20.683625,-33.845145
"214","EhrhaCalyc",23.186249,-33.828681
"215","EhrhaCalyc",20.090753,-33.818927
"216","EhrhaCalyc",20.870292,-33.760172
"217","EhrhaCalyc",23.152258,-33.695964
"218","EhrhaCalyc",19.746442,-33.694292
"219","EhrhaCalyc",23.150803,-33.689907
"220","EhrhaCalyc",20.300251,-33.650432
"221","EhrhaCalyc",19.849545,-33.606161
"222","EhrhaCalyc",19.849657,-33.601509
"223","EhrhaCalyc",20.903444,-33.57726
"224","EhrhaCalyc",20.923688,-33.546869
"225","EhrhaCalyc",21.329553,-33.515633
"226","EhrhaCalyc",21.322557,-33.511614
"227","EhrhaCalyc",19.39502,-33.493804
"228","EhrhaCalyc",19.405552,-33.480555
"229","EhrhaCalyc",19.684088,-33.47922
"230","EhrhaCalyc",20.737908,-33.472124
"231","EhrhaCalyc",19.279446,-33.462189
"232","EhrhaCalyc",21.29329,-33.451579
"233","EhrhaCalyc",23.370136,-33.41367
"234","EhrhaCalyc",19.635311,-33.377915
"235","EhrhaCalyc",23.426567,-33.375785
"236","EhrhaCalyc",22.046657,-33.34887
"237","EhrhaCalyc",22.039987,-33.347383
"238","EhrhaCalyc",19.688635,-33.345935
"239","EhrhaCalyc",20.270138,-33.229031
"240","EhrhaCalyc",20.346005,-33.189154
"241","EhrhaCalyc",18.181409,-33.186014
"242","EhrhaCalyc",19.537846,-32.901516
"243","EhrhaCalyc",19.64388889,-32.87833333
"244","EhrhaCalyc",19.61805556,-32.855
"245","EhrhaCalyc",18.7335,-32.849775
"246","EhrhaCalyc",18.731844,-32.846692
"247","EhrhaCalyc",18.732056,-32.844461
"248","EhrhaCalyc",19.142283,-32.6273
"249","EhrhaCalyc",19.26666667,-32.53888889
"250","EhrhaCalyc",18.784391,-32.519168
"251","EhrhaCalyc",19.382852,-32.474196
"252","EhrhaCalyc",19.159064,-32.471459
"253","EhrhaCalyc",19.097793,-32.423434
"254","EhrhaCalyc",19.149956,-32.407741
"255","EhrhaCalyc",19.102997,-32.387748
"256","EhrhaCalyc",19.102938,-32.387723
"257","EhrhaCalyc",19.128207,-32.371981
"258","EhrhaCalyc",19.070339,-32.364534
"259","EhrhaCalyc",19.007264,-32.348941
"260","EhrhaCalyc",19.013677,-32.348252
"261","EhrhaCalyc",19.013321,-32.34803
"262","EhrhaCalyc",19.013167,-32.347626
"263","EhrhaCalyc",18.932981,-32.278555
"264","EhrhaCalyc",19.067939,-32.23791
"265","EhrhaCalyc",19.060198,-32.206239
"266","EhrhaCalyc",18.763444,-32.158562
"267","EhrhaCalyc",19.030492,-32.149719
"268","EhrhaCalyc",18.939667,-32.149624
"269","EhrhaCalyc",19.032887,-32.136484
"270","EhrhaCalyc",18.974695,-32.13623
"271","EhrhaCalyc",19.014353,-32.124439
"272","EhrhaCalyc",19.009517,-32.12326
"273","EhrhaCalyc",18.677309,-31.782891
"274","EhrhaCalyc",18.781611,-31.745494
"275","EhrhaCalyc",19.184556,-31.684355
"276","EhrhaCalyc",19.18026,-31.66587
"277","EhrhaCalyc",19.184361,-31.522856
"278","EhrhaCalyc",19.018605,-31.378751
"279","EhrhaCapen",19.28638889,-34.10277778
"280","EhrhaCapen",19.978204,-34.077274
"281","EhrhaCapen",19.211816,-34.025468
"282","EhrhaCapen",19.671939,-34.008727
"283","EhrhaCapen",18.972522,-33.991556
"284","EhrhaCapen",19.502607,-33.96935527
"285","EhrhaCapen",21.798632,-33.957769
"286","EhrhaCapen",18.924035,-33.935454
"287","EhrhaCapen",21.738995,-33.919298
"288","EhrhaCapen",18.94061,-33.721691
"289","EhrhaCapen",21.495367,-33.642774
"290","EhrhaCapen",19.236071,-33.63276
"291","EhrhaCapen",22.76172,-33.422375
"292","EhrhaCapen",18.742096,-32.854436
"293","EhrhaCapen",18.7335,-32.849775
"294","EhrhaCapen",18.731844,-32.846692
"295","EhrhaCapen",18.732056,-32.844461
"296","EhrhaCapen",19.213772,-32.812703
"297","EhrhaCapen",18.794301,-32.744041
"298","EhrhaCapen",19.108821,-32.712727
"299","EhrhaCapen",19.102332,-32.701199
"300","EhrhaCapen",19.150727,-32.630595
"301","EhrhaCapen",19.142283,-32.6273
"302","EhrhaCapen",18.799586,-32.339575
"303","EhrhaCapen",18.79958,-32.339049
"304","EhrhaCapen",18.925063,-32.250611
"305","EhrhaCapen",19.154236,-32.237942
"306","EhrhaCapen",19.02383,-32.14289
"307","EhrhaCapen",18.688845,-31.754317
"308","EhrhaCapen",18.828625,-31.705465
"309","EhrhaDura",18.9965,-34.281052
"310","EhrhaDura",19.708372,-34.011291
"311","EhrhaDura",18.962492,-34.004181
"312","EhrhaDura",21.194118,-33.963169
"313","EhrhaDura",21.796129,-33.960662
"314","EhrhaDura",20.464104,-33.951889
"315","EhrhaDura",20.458717,-33.950916
"316","EhrhaDura",20.8204,-33.938552
"317","EhrhaDura",20.859249,-33.924685
"318","EhrhaDura",20.856733,-33.923574
"319","EhrhaDura",22.51377,-33.916972
"320","EhrhaDura",22.030278,-33.872287
"321","EhrhaDura",22.029947,-33.871483
"322","EhrhaDura",19.035145,-33.821109
"323","EhrhaDura",19.103396,-33.52632
"324","EhrhaErect",19.747395,-34.421656
"325","EhrhaErect",18.9447,-34.330191
"326","EhrhaErect",18.968737,-33.989184
"327","EhrhaErect",18.416881,-33.956112
"328","EhrhaErect",18.435069,-33.954609
"329","EhrhaErect",19.158892,-33.916404
"330","EhrhaErect",22.495003,-33.911374
"331","EhrhaErect",25.205605,-33.905493
"332","EhrhaErect",19.067378,-33.809459
"333","EhrhaErect",23.054085,-33.721521
"334","EhrhaErect",23.152258,-33.695964
"335","EhrhaErect",19.917352,-33.69093
"336","EhrhaErect",25.243816,-33.689998
"337","EhrhaErect",23.148154,-33.678093
"338","EhrhaErect",22.048332,-33.352899
"339","EhrhaOtton",18.879059,-34.291078
"340","EhrhaOtton",18.938717,-34.289341
"341","EhrhaOtton",18.922569,-34.26861
"342","EhrhaOtton",19.142655,-34.245811
"343","EhrhaOtton",19.021873,-34.233804
"344","EhrhaOtton",18.404222,-34.222932
"345","EhrhaOtton",18.952493,-34.126897
"346","EhrhaOtton",19.375635,-34.107263
"347","EhrhaOtton",18.973074,-34.100556
"348","EhrhaOtton",19.049217,-34.096967
"349","EhrhaOtton",19.853069,-34.068422
"350","EhrhaOtton",19.010382,-34.04916
"351","EhrhaOtton",19.708372,-34.011291
"352","EhrhaOtton",19.671939,-34.008727
"353","EhrhaOtton",18.962492,-34.004181
"354","EhrhaOtton",18.983185,-33.983894
"355","EhrhaOtton",18.985295,-33.983302
"356","EhrhaOtton",18.924035,-33.935454
"357","EhrhaOtton",18.777847,-33.907859
"358","EhrhaOtton",25.205605,-33.905493
"359","EhrhaOtton",19.061241,-33.815946
"360","EhrhaOtton",19.06501,-33.811192
"361","EhrhaOtton",19.064054,-33.80739
"362","EhrhaOtton",19.065095,-33.806604
"363","EhrhaOtton",19.062037,-33.80618
"364","EhrhaOtton",21.497861,-33.644723
"365","EhrhaRamos",19.150547,-34.219859
"366","EhrhaRamos",18.952493,-34.126897
"367","EhrhaRamos",19.051129,-34.104591
"368","EhrhaRamos",19.015287,-34.048489
"369","EhrhaRamos",19.207291,-34.016143
"370","EhrhaRamos",19.03906,-34.011639
"371","EhrhaRamos",19.671939,-34.008727
"372","EhrhaRamos",19.040014,-34.007742
"373","EhrhaRamos",18.963504,-33.999767
"374","EhrhaRamos",18.962572,-33.998972
"375","EhrhaRamos",20.481744,-33.996351
"376","EhrhaRamos",18.973952,-33.992476
"377","EhrhaRamos",18.97884,-33.988904
"378","EhrhaRamos",20.482731,-33.984849
"379","EhrhaRamos",18.983185,-33.983894
"380","EhrhaRamos",19.502607,-33.969355
"381","EhrhaRamos",19.502181,-33.968056
"382","EhrhaRamos",18.414815,-33.964465
"383","EhrhaRamos",18.410154,-33.960603
"384","EhrhaRamos",18.416881,-33.956112
"385","EhrhaRamos",20.702747,-33.953522
"386","EhrhaRamos",19.522356,-33.942408
"387","EhrhaRamos",19.161596,-33.937797
"388","EhrhaRamos",19.163908,-33.935599
"389","EhrhaRamos",18.924035,-33.935454
"390","EhrhaRamos",21.738995,-33.919298
"391","EhrhaRamos",21.738859,-33.918151
"392","EhrhaRamos",19.158892,-33.916404
"393","EhrhaRamos",19.152738,-33.907197
"394","EhrhaRamos",19.155971,-33.905679
"395","EhrhaRamos",25.205605,-33.905493
"396","EhrhaRamos",22.027112,-33.879958
"397","EhrhaRamos",19.188424,-33.85424
"398","EhrhaRamos",23.186249,-33.828681
"399","EhrhaRamos",19.08679,-33.767058
"400","EhrhaRamos",23.147873,-33.677134
"401","EhrhaRamos",25.16068,-33.637454
"402","EhrhaRamos",21.003957,-33.585151
"403","EhrhaRamos",24.782243,-33.572444
"404","EhrhaRamos",19.479808,-33.454481
"405","EhrhaRamos",22.715203,-33.413918
"406","EhrhaRamos",22.714246,-33.413588
"407","EhrhaRamos",22.048332,-33.352899
"408","EhrhaRamos",22.048597,-33.351637
"409","EhrhaRamos",19.586545,-33.19774
"410","EhrhaRamos",19.200856,-33.133488
"411","EhrhaRamos",19.143397,-33.102474
"412","EhrhaRamos",19.151424,-33.048213
"413","EhrhaRamos",19.03479,-32.908767
"414","EhrhaRamos",18.615445,-32.772382
"415","EhrhaRamos",19.303906,-32.649497
"416","EhrhaRamos",19.293584,-32.6106
"417","EhrhaRamos",19.156459,-32.465908
"418","EhrhaRamos",19.074641,-32.215043
"419","EhrhaRamos",19.014717,-32.124718
"420","EhrhaRamos",19.014313,-32.124287
"421","EhrhaRehma",18.903873,-34.328647
"422","EhrhaRehma",18.904148,-34.328424
"423","EhrhaRehma",18.930702,-34.142818
"424","EhrhaRehma",18.973074,-34.100556
"425","EhrhaRehma",18.419401,-34.094048
"426","EhrhaRehma",18.980069,-33.986996
"427","EhrhaRehma",18.983185,-33.983894
"428","EhrhaRehma",18.432401,-33.983161
"429","EhrhaRehma",18.421176,-33.972956
"430","EhrhaRehma",23.23071,-33.969218
"431","EhrhaRehma",18.446795,-33.955357
"432","EhrhaRehma",22.51377,-33.916972
"433","EhrhaRehma",22.49336,-33.913481
"434","EhrhaRehma",19.145669,-33.911482
"435","EhrhaRehma",22.495003,-33.911374
"436","EhrhaRehma",22.37206,-33.899789
"437","EhrhaRehma",22.417706,-33.89736
"438","EhrhaRehma",22.431197,-33.887015
"439","EhrhaRehma",22.02413,-33.872726
"440","EhrhaRehma",18.781611,-31.745494
"441","EhrhaRupes",18.929789,-34.327702
"442","EhrhaRupes",18.930615,-34.327312
"443","EhrhaRupes",18.865886,-34.312254
"444","EhrhaRupes",18.942337,-34.303726
"445","EhrhaRupes",18.945978,-34.249725
"446","EhrhaRupes",19.145062,-34.150655
"447","EhrhaRupes",19.14286,-34.150049
"448","EhrhaRupes",19.143371,-34.149438
"449","EhrhaRupes",18.973074,-34.100556
"450","EhrhaRupes",19.853069,-34.068422
"451","EhrhaRupes",19.000217,-34.051112
"452","EhrhaRupes",19.714463,-34.048712
"453","EhrhaRupes",19.587728,-34.015577
"454","EhrhaRupes",19.671939,-34.008727
"455","EhrhaRupes",19.607157,-34.007698
"456","EhrhaRupes",20.476841,-33.974332
"457","EhrhaRupes",24.099895,-33.972117
"458","EhrhaRupes",19.502607,-33.969355
"459","EhrhaRupes",24.098822,-33.969224
"460","EhrhaRupes",19.506073,-33.96915
"461","EhrhaRupes",24.093632,-33.968945
"462","EhrhaRupes",24.097822,-33.965346
"463","EhrhaRupes",19.127412,-33.960891
"464","EhrhaRupes",19.144948,-33.955995
"465","EhrhaRupes",19.522356,-33.942408
"466","EhrhaRupes",22.034704,-33.882812
"467","EhrhaRupes",22.036809,-33.881976
"468","EhrhaRupes",22.031471,-33.872672
"469","EhrhaRupes",23.703395,-33.864642
"470","EhrhaRupes",19.058893,-33.81081
"471","EhrhaRupes",19.059271,-33.810229
"472","EhrhaRupes",19.167089,-33.6022
"473","EhrhaRupes",19.110999,-33.508835
"474","EhrhaRupes",19.39502,-33.493804
"475","EhrhaRupes",19.412594,-33.47278
"476","EhrhaRupes",19.315022,-33.47194
"477","EhrhaRupes",19.390811,-33.469795
"478","EhrhaRupes",19.434993,-33.46685
"479","EhrhaRupes",19.476505,-33.455864
"480","EhrhaRupes",19.458826,-33.447893
"481","EhrhaRupes",22.714246,-33.413588
"482","EhrhaRupes",22.709843,-33.412563
"483","EhrhaRupes",22.048597,-33.351637
"484","EhrhaSetac",18.9447,-34.330191
"485","EhrhaSetac",18.965442,-34.322443
"486","EhrhaSetac",18.864916,-34.312229
"487","EhrhaSetac",18.865168,-34.312119
"488","EhrhaSetac",19.052821,-34.10448
"489","EhrhaSetac",18.973074,-34.100556
"490","EhrhaSetac",18.412947,-34.087069
"491","EhrhaSetac",19.000217,-34.051112
"492","EhrhaSetac",19.00867,-34.048774
"493","EhrhaSetac",18.988104,-34.036974
"494","EhrhaSetac",18.98474,-34.035237
"495","EhrhaSetac",18.984735,-34.033758
"496","EhrhaSetac",18.98333333,-34.03333333
"497","EhrhaSetac",19.587728,-34.015577
"498","EhrhaSetac",19.037931,-34.015027
"499","EhrhaSetac",18.967359,-34.01471
"500","EhrhaSetac",20.481744,-33.996351
"501","EhrhaSetac",20.482731,-33.984849
"502","EhrhaSetac",18.399962,-33.978034
"503","EhrhaSetac",18.40603,-33.966105
"504","EhrhaSetac",20.806606,-33.959999
"505","EhrhaSetac",20.702747,-33.953522
"506","EhrhaSetac",20.855125,-33.931349
"507","EhrhaSetac",20.863264,-33.928959
"508","EhrhaSetac",20.859249,-33.924685
"509","EhrhaSetac",19.147643,-33.657535
"510","EhrhaSetac",19.16961,-33.601966
"511","EhrhaThunb",21.05646,-34.325614
"512","EhrhaThunb",19.50639,-33.968192
"513","EhrhaThunb",19.522197,-33.932047
"514","EhrhaThunb",21.738995,-33.919298
"515","EhrhaThunb",21.738859,-33.918151
"516","EhrhaThunb",20.270138,-33.229031
"517","EhrhaThunb",19.55556,-32.898629
"518","EhrhaThunb",19.64222222,-32.89416667
"519","EhrhaThunb",18.742096,-32.854436
"520","EhrhaThunb",18.7335,-32.849775
"521","EhrhaThunb",18.732056,-32.844461
"522","EhrhaThunb",19.316078,-32.520374
"523","EhrhaThunb",19.097793,-32.423434
"524","EhrhaThunb",19.135462,-32.39974
"525","EhrhaThunb",19.150798,-32.35314
"526","EhrhaThunb",19.013321,-32.34803
"527","EhrhaThunb",18.853665,-32.219919
"528","EhrhaThunb",18.940337,-32.149602
"529","EhrhaThunb",18.948564,-32.144919
"530","EhrhaThunb",19.015675,-32.139643
"531","EhrhaThunb",19.032887,-32.136484
"532","EhrhaThunb",18.975563,-32.13637
"533","EhrhaThunb",18.984938,-32.134676
"534","EhrhaThunb",19.031388,-32.133487
"535","EhrhaThunb",19.130459,-32.06587
"536","EhrhaThunb",18.828625,-31.705465
"537","EhrhaThunb",19.03446,-31.474292
"538","EhrhaThunb",19.05,-31.45638889
"539","ElegiAsper",18.961964,-34.322008
"540","ElegiAsper",18.95902,-34.317692
"541","ElegiAsper",18.966247,-34.311444
"542","ElegiAsper",18.994005,-34.306876
"543","ElegiAsper",19.142266,-34.151896
"544","ElegiAsper",18.421176,-33.972956
"545","ElegiAsper",20.457392,-33.965432
"546","ElegiAsper",20.838641,-33.933122
"547","ElegiAsper",24.784374,-33.571744
"548","ElegiAsper",20.538609,-33.273187
"549","ElegiAsper",19.143539,-33.035262
"550","ElegiAsper",19.267527,-32.538952
"551","ElegiAsper",19.20194444,-32.50777778
"552","ElegiAsper",19.11408333,-32.4118
"553","ElegiAsper",19.031712,-32.156044
"554","ElegiCapen",18.963134,-34.00713
"555","ElegiCapen",18.983185,-33.983894
"556","ElegiCapen",18.987194,-33.971704
"557","ElegiCapen",21.228828,-33.957212
"558","ElegiCapen",23.835891,-33.865893
"559","ElegiCapen",23.513538,-33.861164
"560","ElegiCapen",19.111621,-33.719376
"561","ElegiCapen",19.1073,-33.643362
"562","ElegiCapen",24.802775,-33.572348
"563","ElegiCapen",19.137259,-33.569074
"564","ElegiCapen",21.32083333,-33.41944444
"565","ElegiCapen",19.170048,-33.128492
"566","ElegiCapen",18.749921,-32.781187
"567","ElegiCapen",19.077518,-32.758857
"568","ElegiCapen",19.26666667,-32.53888889
"569","ElegiCapen",19.16588333,-32.45721667
"570","ElegiCapen",19.10571667,-32.41165
"571","ElegiCapen",19.10665,-32.405568
"572","ElegiFilac",18.965451,-34.322536
"573","ElegiFilac",18.938717,-34.289341
"574","ElegiFilac",18.954323,-34.238241
"575","ElegiFilac",19.15083333,-34.23055556
"576","ElegiFilac",18.41194444,-34.2225
"577","ElegiFilac",22.511449,-33.914567
"578","ElegiFilac",23.866882,-33.899723
"579","ElegiFilac",20.831929,-33.890369
"580","ElegiFilac",19.061686,-33.816511
"581","ElegiFilac",19.06501,-33.811192
"582","ElegiFilac",19.061686,-33.80572
"583","ElegiFilac",22.935568,-33.626021
"584","ElegiFilac",22.938467,-33.617346
"585","ElegiFilac",20.971359,-33.557313
"586","ElegiFilac",20.620586,-33.509718
"587","ElegiFilac",20.57694,-33.49972
"588","ElegiFilac",20.719449,-33.499459
"589","ElegiFilac",20.980648,-33.424519
"590","ElegiFilac",19.670496,-33.376288
"591","ElegiFilac",19.092806,-33.349149
"592","ElegiFilac",22.05605,-33.33901
"593","ElegiFilac",19.296567,-33.17926
"594","ElegiFilac",19.16957,-33.127058
"595","ElegiFilac",19.160482,-33.114938
"596","ElegiFilac",19.428706,-32.78179
"597","ElegiFilac",19.164644,-32.548914
"598","ElegiFilac",19.118451,-32.462598
"599","ElegiFilac",19.018478,-32.153042
"600","ElegiJunce",20.564561,-34.374532
"601","ElegiJunce",18.981708,-34.11036
"602","ElegiJunce",18.972981,-33.991472
"603","ElegiJunce",18.983185,-33.983894
"604","ElegiJunce",19.494082,-33.974943
"605","ElegiJunce",18.421176,-33.972956
"606","ElegiJunce",19.502607,-33.969355
"607","ElegiJunce",18.411066,-33.968416
"608","ElegiJunce",18.415513,-33.95133
"609","ElegiJunce",19.02742,-33.926054
"610","ElegiJunce",19.158055,-33.905934
"611","ElegiJunce",22.019219,-33.898646
"612","ElegiJunce",20.922825,-33.889816
"613","ElegiJunce",20.877935,-33.874676
"614","ElegiJunce",22.030278,-33.872287
"615","ElegiJunce",23.847296,-33.835066
"616","ElegiJunce",19.124112,-33.561312
"617","ElegiJunce",19.389171,-33.556625
"618","ElegiJunce",20.980648,-33.424519
"619","ElegiJunce",19.293805,-33.186646
"620","ElytrHispi",19.63,-33.38
"621","ElytrHispi",19.61,-33.37
"622","ElytrHispi",20.03,-33.37
"623","ElytrHispi",20.54,-33.28
"624","ElytrHispi",19.37,-33.22
"625","ElytrHispi",19.6,-33.2
"626","ElytrHispi",19.07,-33.13
"627","ElytrHispi",19.4,-32.8
"628","ElytrHispi",19.34,-32.78
"629","ElytrHispi",19.13,-32.66
"630","ElytrHispi",19.14,-32.66
"631","ElytrHispi",19.16,-32.49
"632","ElytrHispi",19.18,-32.39
"633","ElytrHispi",19.16,-32.35
"634","ElytrHispi",18.67,-31.79
"635","LeucaAlbum",21.516331,-33.957861
"636","LeucaAlbum",20.863181,-33.928468
"637","LeucaAlbum",20.862372,-33.924557
"638","LeucaAlbum",21.512821,-33.661212
"639","LeucaAlbum",21.497822,-33.647153
"640","LeucaAlbum",23.812278,-33.63719
"641","LeucaAlbum",21.421772,-33.632122
"642","LeucaAlbum",21.421766,-33.631863
"643","LeucaAlbum",22.931764,-33.617729
"644","LeucaAlbum",23.831536,-33.596809
"645","LeucaAlbum",20.656876,-33.503754
"646","LeucaAlbum",23.783193,-33.461555
"647","LeucaAlbum",23.466397,-33.450067
"648","LeucaAlbum",22.213966,-33.4375
"649","LeucaAlbum",22.409629,-33.391085
"650","LeucaAlbum",21.90801,-33.358872
"651","LeucaAlbum",22.049502,-33.352304
"652","LeucaAlbum",22.047237,-33.352244
"653","LeucaAlbum",22.036351,-33.335844
"654","LeucaAlbum",21.281591,-33.320385
"655","LeucaDubiu",19.16245,-32.486952
"656","LeucaDubiu",19.152565,-32.486714
"657","LeucaDubiu",19.1711,-32.486526
"658","LeucaDubiu",19.158622,-32.48505
"659","LeucaDubiu",19.257012,-32.448966
"660","LeucaDubiu",19.238048,-32.43819
"661","LeucaDubiu",19.238001,-32.437684
"662","LeucaDubiu",19.217538,-32.424349
"663","LeucaDubiu",19.20272,-32.419949
"664","LeucaDubiu",19.175837,-32.394563
"665","LeucaDubiu",19.160665,-32.354075
"666","LeucaDubiu",19.223351,-32.322092
"667","LeucaDubiu",19.214269,-32.318934
"668","LeucaDubiu",19.090906,-32.213281
"669","LeucaDubiu",19.092661,-32.211624
"670","LeucaEucal",20.675563,-34.430903
"671","LeucaEucal",20.770568,-34.426467
"672","LeucaEucal",23.295462,-34.046621
"673","LeucaEucal",21.421283,-34.008336
"674","LeucaEucal",20.451661,-33.991243
"675","LeucaEucal",21.219099,-33.967695
"676","LeucaEucal",23.960367,-33.965657
"677","LeucaEucal",21.238984,-33.960554
"678","LeucaEucal",23.524688,-33.959365
"679","LeucaEucal",20.882225,-33.928609
"680","LeucaEucal",20.862372,-33.924557
"681","LeucaEucal",23.160987,-33.912732
"682","LeucaEucal",25.205605,-33.905493
"683","LeucaEucal",23.400005,-33.901224
"684","LeucaEucal",25.216505,-33.896449
"685","LeucaEucal",20.909,-33.884385
"686","LeucaEucal",22.045475,-33.875051
"687","LeucaEucal",19.495426,-33.872098
"688","LeucaEucal",23.505383,-33.860474
"689","LeucaEucal",25.217179,-33.817548
"690","LeucaEucal",20.143608,-33.816901
"691","LeucaEucal",20.720928,-33.781638
"692","LeucaEucal",25.241476,-33.63644
"693","LeucaEucal",25.188558,-33.606547
"694","LeucaEucal",20.943587,-33.565522
"695","LeucaEucal",20.969183,-33.560245
"696","LeucaEucal",20.965711,-33.559042
"697","LeucaEucal",21.206613,-33.421033
"698","LeucaGlabG",19.523533,-32.946285
"699","LeucaGlabG",19.381629,-32.928019
"700","LeucaGlabG",19.382997,-32.920767
"701","LeucaGlabG",19.064346,-32.87302
"702","LeucaGlabG",19.231399,-32.747182
"703","LeucaGlabG",19.325993,-32.671756
"704","LeucaGlabG",19.325734,-32.671705
"705","LeucaGlabG",19.326097,-32.668598
"706","LeucaGlabG",19.276514,-32.557834
"707","LeucaGlabG",19.266601,-32.538955
"708","LeucaGlabG",19.095793,-32.527771
"709","LeucaGlabG",19.229636,-32.482564
"710","LeucaGlabG",19.159347,-32.473084
"711","LeucaGlabG",19.119715,-32.462126
"712","LeucaGlabG",19.119533,-32.461928
"713","LeucaGlabG",19.131409,-32.425476
"714","LeucaGlabG",19.161114,-32.41402
"715","LeucaGlabG",19.064709,-32.354592
"716","LeucaGlabG",19.01265,-32.347453
"717","LeucaNitid",19.423829,-33.492343
"718","LeucaNitid",19.407205,-33.243953
"719","LeucaNitid",19.632371,-32.869952
"720","LeucaNitid",19.29472,-32.65001
"721","LeucaNitid",19.279394,-32.606673
"722","LeucaNitid",19.1836,-32.51353
"723","LeucaNitid",19.18184,-32.512879
"724","LeucaNitid",19.17608,-32.512545
"725","LeucaNitid",19.170036,-32.498954
"726","LeucaNitid",19.158566,-32.473168
"727","LeucaNitid",19.233853,-32.441778
"728","LeucaNitid",19.225022,-32.438291
"729","LeucaNitid",19.199595,-32.431865
"730","LeucaNitid",19.174003,-32.413221
"731","LeucaNitid",19.205049,-32.412098
"732","LeucaNitid",19.175516,-32.393872
"733","LeucaNitid",19.160665,-32.354075
"734","LeucaNitid",19.160947,-32.354035
"735","LeucaRubru",18.975372,-33.982469
"736","LeucaRubru",19.506061,-33.971152
"737","LeucaRubru",19.503735,-33.969646
"738","LeucaRubru",21.796962,-33.959388
"739","LeucaRubru",18.924035,-33.935454
"740","LeucaRubru",19.146433,-33.915697
"741","LeucaRubru",19.06115,-33.815068
"742","LeucaRubru",18.93408,-33.718256
"743","LeucaRubru",21.433881,-33.679983
"744","LeucaRubru",20.148141,-33.635952
"745","LeucaRubru",19.647476,-33.578279
"746","LeucaRubru",24.262194,-33.570711
"747","LeucaRubru",20.949326,-33.565568
"748","LeucaRubru",20.981806,-33.547442
"749","LeucaRubru",20.62027,-33.50974
"750","LeucaRubru",20.739675,-33.505198
"751","LeucaRubru",23.654929,-33.495465
"752","LeucaRubru",23.467273,-33.448113
"753","LeucaRubru",23.467138,-33.444878
"754","LeucaRubru",19.278024,-33.421941
"755","LeucaRubru",21.367874,-33.398156
"756","LeucaRubru",22.059948,-33.361805
"757","LeucaRubru",21.281591,-33.320385
"758","LeucaRubru",22.045859,-33.312202
"759","LeucaRubru",19.150896,-32.630938
"760","LeucaRubru",19.266601,-32.538955
"761","LeucaRubru",19.158566,-32.473168
"762","LeucaRubru",19.101579,-32.41057
"763","LeucaRubru",19.100625,-32.401061
"764","LeucaRubru",19.097716,-32.398248
"765","LeucaRubru",19.034721,-32.371595
"766","LeucaRubru",19.048091,-32.369262
"767","LeucaRubru",19.012616,-32.347638
"768","LeucaRubru",19.030242,-32.149144
"769","LeucaSalig",20.770568,-34.426467
"770","LeucaSalig",19.653895,-34.42039
"771","LeucaSalig",20.679129,-34.413962
"772","LeucaSalig",20.576824,-34.412673
"773","LeucaSalig",20.581226,-34.410108
"774","LeucaSalig",18.953773,-34.281373
"775","LeucaSalig",19.023927,-34.228696
"776","LeucaSalig",19.107937,-34.003601
"777","LeucaSalig",18.96593,-33.998014
"778","LeucaSalig",18.97988,-33.98797
"779","LeucaSalig",18.978601,-33.987474
"780","LeucaSalig",18.975372,-33.982469
"781","LeucaSalig",19.506236,-33.971976
"782","LeucaSalig",19.506061,-33.971152
"783","LeucaSalig",19.503735,-33.969646
"784","LeucaSalig",18.439228,-33.953998
"785","LeucaSalig",19.169668,-33.950647
"786","LeucaSalig",21.052846,-33.941886
"787","LeucaSalig",19.162014,-33.92907
"788","LeucaSalig",20.711494,-33.913919
"789","LeucaSalig",23.222567,-33.908518
"790","LeucaSalig",25.205605,-33.905493
"791","LeucaSalig",19.157181,-33.905182
"792","LeucaSalig",23.505383,-33.860474
"793","LeucaSalig",23.506931,-33.859884
"794","LeucaSalig",22.482851,-33.851914
"795","LeucaSalig",23.151171,-33.779678
"796","LeucaSalig",25.203377,-33.732375
"797","LeucaSalig",23.038056,-33.721609
"798","LeucaSalig",18.934963,-33.718385
"799","LeucaSalig",19.76169,-33.673094
"800","LeucaSalig",19.101049,-33.647248
"801","LeucaSalig",25.196832,-33.630562
"802","LeucaSalig",25.354502,-33.623692
"803","LeucaSalig",25.077583,-33.617008
"804","LeucaSalig",19.650619,-33.593161
"805","LeucaSalig",24.373066,-33.580936
"806","LeucaSalig",20.981806,-33.547442
"807","LeucaSalig",18.354853,-33.547272
"808","LeucaSalig",20.739675,-33.505198
"809","LeucaSalig",23.654929,-33.495465
"810","LeucaSalig",23.467273,-33.448113
"811","LeucaSalig",22.409629,-33.391085
"812","LeucaSalig",19.337479,-33.236968
"813","LeucaSalig",18.272655,-33.18058
"814","LeucaSalig",19.064346,-32.87302
"815","LeucaSalig",18.736916,-32.854335
"816","LeucaSalig",18.770065,-32.738176
"817","LeucaSalig",19.326097,-32.668598
"818","LeucaSalig",19.266601,-32.538955
"819","LeucaSalig",19.17608,-32.512545
"820","LeucaSalig",19.10753,-32.407055
"821","LeucaSalig",19.061633,-32.397815
"822","LeucaSalig",19.048091,-32.369262
"823","LeucaSalig",19.01265,-32.347453
"824","LeucaSalig",19.223351,-32.322092
"825","LeucaSalig",19.222458,-32.310114
"826","LeucaSalig",19.019356,-31.763723
"827","LeucaSpisS",18.978179,-34.10982
"828","LeucaSpisS",21.421283,-34.008336
"829","LeucaSpisS",18.980977,-33.99335
"830","LeucaSpisS",18.976487,-33.990499
"831","LeucaSpisS",20.027229,-33.990059
"832","LeucaSpisS",18.975372,-33.982469
"833","LeucaSpisS",18.975337,-33.98217
"834","LeucaSpisS",21.19549,-33.965808
"835","LeucaSpisS",20.644257,-33.961428
"836","LeucaSpisS",18.43218,-33.960427
"837","LeucaSpisS",18.43917,-33.954005
"838","LeucaSpisS",20.933792,-33.947915
"839","LeucaSpisS",19.167747,-33.946752
"840","LeucaSpisS",19.799767,-33.945418
"841","LeucaSpisS",21.052846,-33.941886
"842","LeucaSpisS",20.849284,-33.934186
"843","LeucaSpisS",23.222567,-33.908518
"844","LeucaSpisS",19.157181,-33.905182
"845","LeucaSpisS",19.156619,-33.902577
"846","LeucaSpisS",19.06141,-33.815717
"847","LeucaSpisS",19.069056,-33.81411
"848","LeucaSpisS",19.229941,-33.316489
"849","LeucaSpisS",19.119533,-32.461928
"850","LeucaXanth",19.62311,-34.654859
"851","LeucaXanth",19.989469,-34.561704
"852","LeucaXanth",19.653895,-34.42039
"853","LeucaXanth",20.683614,-34.417678
"854","LeucaXanth",20.565555,-34.375208
"855","LeucaXanth",18.905448,-34.327091
"856","LeucaXanth",18.949487,-34.323019
"857","LeucaXanth",19.001707,-34.316808
"858","LeucaXanth",19.410051,-34.314763
"859","LeucaXanth",18.990586,-34.306307
"860","LeucaXanth",19.005635,-34.276586
"861","LeucaXanth",18.925069,-34.276071
"862","LeucaXanth",18.411066,-33.968416
"863","LeucaXanth",18.414941,-33.963983
"864","LeucaXanth",21.541576,-33.950498
"865","LeucaXanth",20.711494,-33.913919
"866","PentaAcino",19.85,-34.0667
"867","PentaAcino",18.9921,-34.0522
"868","PentaAcino",18.9833,-34.05
"869","PentaAcino",18.9897,-34.0413
"870","PentaAcino",18.9833,-34.0333
"871","PentaAcino",19.5833,-34.0167
"872","PentaAcino",19.6,-34.0167
"873","PentaAcino",19.6667,-34
"874","PentaAcino",21.1897,-33.9576
"875","PentaAcino",20.8833,-33.9167
"876","PentaAcino",19.2,-33.9
"877","PentaAcino",19.1333,-33.8167
"878","PentaAcino",19.1,-33.7667
"879","PentaAcino",19.1333,-33.7
"880","PentaAcino",19.1333,-33.6833
"881","PentaAcino",19.1167,-33.6
"882","PentaAiroA",20.4667,-34.0667
"883","PentaAiroA",21.7667,-33.9333
"884","PentaAiroA",22.0167,-33.8833
"885","PentaAiroA",22.7667,-33.8167
"886","PentaAiroA",18.9333,-33.7333
"887","PentaAiroA",19.8833,-33.6167
"888","PentaAiroA",21.3167,-33.6167
"889","PentaAiroA",19.1167,-33.6
"890","PentaAiroA",19.45,-33.6
"891","PentaAiroA",19.6,-33.5667
"892","PentaAiroA",22.5333,-33.4833
"893","PentaAiroA",19.5167,-33.4667
"894","PentaAiroA",22.3167,-33.4
"895","PentaAiroA",21.9667,-33.35
"896","PentaAiroA",23.7589,-33.313
"897","PentaAiroA",18.7333,-32.8667
"898","PentaAiroA",19.0686,-32.2212
"899","PentaAiroA",19.2,-31.7
"900","PentaAltic",19.1,-33.6833
"901","PentaAltic",19.4,-33.5667
"902","PentaAltic",19.4167,-33.55
"903","PentaAltic",19.3917,-33.5405
"904","PentaAltic",19.4,-33.5167
"905","PentaAltic",19.15,-33.4667
"906","PentaAltic",19.4667,-33.4667
"907","PentaAltic",19.452,-33.457
"908","PentaAltic",19.45,-33.45
"909","PentaAltic",19.4383,-33.4463
"910","PentaAltic",19.45,-33.4333
"911","PentaAltic",19.3,-33.4167
"912","PentaAltic",19.6667,-33.4167
"913","PentaAltic",19.2667,-33.3833
"914","PentaAltic",19.6333,-33.3833
"915","PentaAltic",19.6667,-33.3833
"916","PentaAltic",19.1167,-33.15
"917","PentaAltic",19.0833,-33.0667
"918","PentaAltic",19.2333,-32.5833
"919","PentaAmpla",19.55,-34.65
"920","PentaAmpla",18.4167,-34.0833
"921","PentaAmpla",19.0333,-34.0167
"922","PentaAmpla",18.4333,-33.9833
"923","PentaAmpla",18.9833,-33.9833
"924","PentaAmpla",18.4333,-33.9667
"925","PentaAmpla",18.9667,-33.9667
"926","PentaAmpla",21.2167,-33.95
"927","PentaAmpla",19.2,-33.9
"928","PentaAmpla",22.4333,-33.8833
"929","PentaAmpla",25.2167,-33.8833
"930","PentaAmpla",19.1667,-33.7
"931","PentaAmpla",19.1,-33.6833
"932","PentaAmpla",19.1167,-33.5167
"933","PentaAmpla",19.15,-33.4667
"934","PentaAmpla",19.3167,-33.45
"935","PentaAmpla",19.15,-33.15
"936","PentaAmpla",19.1833,-33.1333
"937","PentaAmpla",19.1833,-32.9667
"938","PentaAmpla",19.2,-32.9667
"939","PentaAmpla",19.15,-32.6667
"940","PentaAmpla",19.15,-32.5167
"941","PentaAmpla",19.0666,-32.35
"942","PentaAmpla",19.0719,-32.35
"943","PentaArgen",19.5833,-34.6333
"944","PentaArgen",18.9833,-34.25
"945","PentaArgen",18.9833,-34.0167
"946","PentaArgen",19.6667,-34
"947","PentaArgen",18.4167,-33.9833
"948","PentaArgen",18.4333,-33.9833
"949","PentaArgen",18.4,-33.9667
"950","PentaArgen",18.4333,-33.9667
"951","PentaArgen",18.9833,-33.9667
"952","PentaArgen",20.4667,-33.9667
"953","PentaArgen",20.7,-33.9667
"954","PentaArgen",21.2333,-33.9667
"955","PentaArgen",21.1897,-33.9576
"956","PentaArgen",19.1667,-33.95
"957","PentaArgen",20.4667,-33.95
"958","PentaArgen",21.2333,-33.95
"959","PentaArgen",19.1667,-33.9167
"960","PentaArgen",20.8667,-33.9167
"961","PentaArgen",23.1667,-33.9167
"962","PentaArgen",22.0167,-33.8833
"963","PentaArgen",22.4,-33.8833
"964","PentaArgen",23.1833,-33.8167
"965","PentaArgen",19.15,-33.0167
"966","PentaArist",19.5833,-34.6333
"967","PentaArist",18.9667,-34.3167
"968","PentaArist",19.1667,-34.2
"969","PentaArist",18.4167,-34.0833
"970","PentaArist",19.6667,-34.0167
"971","PentaArist",19.7167,-34.0167
"972","PentaArist",19.6667,-34
"973","PentaArist",18.4,-33.95
"974","PentaArist",21.2167,-33.95
"975","PentaArist",19.1667,-33.9167
"976","PentaArist",19.1667,-33.7167
"977","PentaArist",18.5833,-33.4833
"978","PentaArist",19.0667,-32.9167
"979","PentaArist",19.2667,-32.8167
"980","PentaArist",19.2081,-32.7384
"981","PentaArist",19.1209,-32.4574
"982","PentaArist",19.0833,-32.4
"983","PentaArist",19.2,-31.7
"984","PentaCapen",18.9833,-34.2667
"985","PentaCapen",18.9921,-34.0522
"986","PentaCapen",19.0167,-34.05
"987","PentaCapen",18.4,-33.9833
"988","PentaCapen",18.4167,-33.9833
"989","PentaCapen",18.9833,-33.9667
"990","PentaCapen",18.9833,-33.9167
"991","PentaCapen",19.1667,-33.9167
"992","PentaCapen",20.8667,-33.9167
"993","PentaCapen",19.2,-33.9
"994","PentaCapen",19.0667,-33.7667
"995","PentaCapen",19.1167,-33.6833
"996","PentaCapen",19.4167,-33.55
"997","PentaCapen",19.4031,-33.5429
"998","PentaCapen",19.3333,-33.5167
"999","PentaCapen",19.4,-33.5167
"1000","PentaCapen",19.3167,-33.4667
"1001","PentaCapen",19.3333,-33.4667
"1002","PentaColor",20.5709,-34.3708
"1003","PentaColor",18.9667,-34.3167
"1004","PentaColor",18.4333,-34.2333
"1005","PentaColor",18.4167,-34.0833
"1006","PentaColor",18.9833,-34.0333
"1007","PentaColor",19.6667,-34.0167
"1008","PentaColor",19.6667,-34
"1009","PentaColor",18.4167,-33.9833
"1010","PentaColor",18.9833,-33.9833
"1011","PentaColor",18.4167,-33.9667
"1012","PentaColor",18.4333,-33.9667
"1013","PentaColor",18.9667,-33.9667
"1014","PentaColor",19.5167,-33.9667
"1015","PentaColor",20.7,-33.9667
"1016","PentaColor",21.2333,-33.9667
"1017","PentaColor",18.4392,-33.9541
"1018","PentaColor",18.4,-33.95
"1019","PentaColor",21.0522,-33.9417
"1020","PentaColor",19.1667,-33.9167
"1021","PentaColor",20.8667,-33.9167
"1022","PentaColor",20.8833,-33.9167
"1023","PentaColor",22.0167,-33.8833
"1024","PentaColor",19.2667,-33.8666
"1025","PentaColor",19.1833,-33.85
"1026","PentaColor",19.0667,-33.8167
"1027","PentaColor",19.1333,-33.8167
"1028","PentaColor",19.1667,-33.7
"1029","PentaColor",19.1333,-33.6833
"1030","PentaColor",19.15,-33.6667
"1031","PentaColor",19.1,-33.6333
"1032","PentaColor",19.1167,-33.6
"1033","PentaColor",24.7833,-33.5667
"1034","PentaColor",19.4667,-33.4667
"1035","PentaColor",19.3167,-33.45
"1036","PentaColor",19.3333,-33.2333
"1037","PentaColor",19.1667,-33.1333
"1038","PentaColor",19.0833,-33.0667
"1039","PentaColor",19.0666,-32.8833
"1040","PentaColor",18.7667,-32.7833
"1041","PentaColor",19.1914,-32.738
"1042","PentaColor",18.7667,-32.7333
"1043","PentaColor",19.15,-32.6667
"1044","PentaColor",19.1667,-32.6333
"1045","PentaColor",19.1,-32.3667
"1046","PentaColor",19.1333,-32.35
"1047","PentaCurvi",19.6983,-34.4052
"1048","PentaCurvi",18.4167,-34.0833
"1049","PentaCurvi",20.4667,-34.0667
"1050","PentaCurvi",18.9921,-34.0522
"1051","PentaCurvi",19.0167,-34.0167
"1052","PentaCurvi",19.7085,-34.0057
"1053","PentaCurvi",18.4333,-33.9833
"1054","PentaCurvi",18.9833,-33.9833
"1055","PentaCurvi",18.4,-33.9667
"1056","PentaCurvi",18.4167,-33.9667
"1057","PentaCurvi",18.4333,-33.9667
"1058","PentaCurvi",18.9833,-33.9667
"1059","PentaCurvi",19.5167,-33.9667
"1060","PentaCurvi",20.7,-33.9667
"1061","PentaCurvi",21.2333,-33.9667
"1062","PentaCurvi",18.4333,-33.95
"1063","PentaCurvi",19.1667,-33.9167
"1064","PentaCurvi",19.0667,-33.8167
"1065","PentaCurvi",19.2,-33.75
"1066","PentaCurvi",19.1833,-33.7333
"1067","PentaCurvi",19.1667,-33.7167
"1068","PentaCurvi",19.1333,-33.6833
"1069","PentaCurvi",19.1167,-33.65
"1070","PentaCurvi",19.1167,-33.6
"1071","PentaCurvi",24.7833,-33.5667
"1072","PentaCurvi",19.2833,-33.4667
"1073","PentaCurvi",19.2833,-33.3667
"1074","PentaCurvi",22.05,-33.35
"1075","PentaCurvi",19.8667,-33.3333
"1076","PentaCurvi",19.1667,-33.1333
"1077","PentaCurvi",19.1333,-33.0333
"1078","PentaCurvi",19.3333,-32.9333
"1079","PentaCurvi",18.7333,-32.7833
"1080","PentaCurvi",18.7667,-32.7333
"1081","PentaCurvi",19.15,-32.5167
"1082","PentaCurvi",19.1546,-32.4693
"1083","PentaCurvi",19.15,-32.3833
"1084","PentaCurvi",19.05,-32.3667
"1085","PentaCurvi",19.1,-32.3667
"1086","PentaCurvi",19.05,-32.1667
"1087","PentaCurvi",19.2,-31.7
"1088","PentaDensi",19.6667,-34
"1089","PentaDensi",19.5167,-33.9667
"1090","PentaDensi",18.9833,-33.9167
"1091","PentaDensi",19,-33.9167
"1092","PentaDensi",19.2667,-33.8666
"1093","PentaDensi",19.1833,-33.85
"1094","PentaDensi",19.15,-33.8333
"1095","PentaDensi",19.0667,-33.7667
"1096","PentaDensi",19.1,-33.7667
"1097","PentaDensi",19.1,-33.6833
"1098","PentaDensi",19.15,-33.6667
"1099","PentaDensi",19.1167,-33.65
"1100","PentaDensi",19.1667,-33.6333
"1101","PentaDensi",19.15,-33.6167
"1102","PentaDensi",19.1167,-33.6
"1103","PentaDensi",19.6,-33.5667
"1104","PentaDensi",19.4167,-33.55
"1105","PentaDensi",19.3883,-33.5174
"1106","PentaDensi",19.4,-33.5167
"1107","PentaDensi",19.2833,-33.4667
"1108","PentaDensi",19.3167,-33.4667
"1109","PentaDensi",19.3333,-33.4667
"1110","PentaDensi",19.4667,-33.4667
"1111","PentaDensi",19.3167,-33.45
"1112","PentaDensi",19.45,-33.4333
"1113","PentaDensi",21.2167,-33.4333
"1114","PentaDensi",21.2167,-33.4167
"1115","PentaDensi",19.65,-33.4
"1116","PentaDensi",19.6667,-33.3833
"1117","PentaDensi",18.85,-33.3667
"1118","PentaDensi",19.2833,-33.3667
"1119","PentaDensi",21.9833,-33.3667
"1120","PentaDensi",19.0833,-33.3167
"1121","PentaDensi",19.15,-33.15
"1122","PentaDensi",19.1667,-33.1333
"1123","PentaDensi",19.1833,-33.1333
"1124","PentaDensi",18.7667,-32.7333
"1125","PentaDensi",19.15,-32.5167
"1126","PentaDensi",19.2167,-32.4167
"1127","PentaDensi",19.1667,-32.35
"1128","PentaDensi",19.0667,-32.3333
"1129","PentaDensi",19.0667,-32.2333
"1130","PentaErios",20.4667,-34.0667
"1131","PentaErios",19.3667,-33.9833
"1132","PentaErios",22.0167,-33.8833
"1133","PentaErios",19.0667,-33.8167
"1134","PentaErios",19.8333,-33.75
"1135","PentaErios",18.8,-33.6167
"1136","PentaErios",19.8833,-33.6167
"1137","PentaErios",21.3167,-33.6167
"1138","PentaErios",24.7833,-33.5667
"1139","PentaErios",23.6363,-33.5087
"1140","PentaErios",19.3667,-33.5
"1141","PentaErios",19.4667,-33.4667
"1142","PentaErios",19.3167,-33.45
"1143","PentaErios",19.7167,-33.45
"1144","PentaErios",23.4667,-33.45
"1145","PentaErios",21.2167,-33.4167
"1146","PentaErios",22.6833,-33.4167
"1147","PentaErios",19.6667,-33.3833
"1148","PentaErios",22.1833,-33.3833
"1149","PentaErios",23.2,-33.3833
"1150","PentaErios",22.0557,-33.3548
"1151","PentaErios",21.9667,-33.35
"1152","PentaErios",21.6833,-33.3333
"1153","PentaErios",19.6,-33.2667
"1154","PentaErios",19.8333,-33.2667
"1155","PentaErios",19.3333,-33.2333
"1156","PentaErios",18.7333,-32.8667
"1157","PentaErios",19.189,-32.7501
"1158","PentaErios",19.4167,-32.7
"1159","PentaErios",18.9333,-32.6167
"1160","PentaErios",19.2,-32.5333
"1161","PentaErios",19.1667,-32.4667
"1162","PentaErios",19.1667,-32.35
"1163","PentaErios",19.0355,-32.1569
"1164","PentaErios",19.05,-31.7167
"1165","PentaErios",19.2,-31.7
"1166","PentaMalou",20.5513,-34.3679
"1167","PentaMalou",18.9833,-34.3
"1168","PentaMalou",18.9333,-34.2833
"1169","PentaMalou",18.9833,-34.25
"1170","PentaMalou",18.8833,-34.2333
"1171","PentaMalou",18.9,-34.2167
"1172","PentaMalou",20.4667,-34.0667
"1173","PentaMalou",18.9833,-34.0333
"1174","PentaMalou",19.0333,-34.0167
"1175","PentaMalou",19.6,-34.0167
"1176","PentaMalou",18.4167,-33.9833
"1177","PentaMalou",18.9833,-33.9833
"1178","PentaMalou",19.0167,-33.9833
"1179","PentaMalou",20.45,-33.9833
"1180","PentaMalou",18.4167,-33.9667
"1181","PentaMalou",18.4333,-33.9667
"1182","PentaMalou",18.9667,-33.9667
"1183","PentaMalou",18.9833,-33.9667
"1184","PentaMalou",19.5167,-33.9667
"1185","PentaMalou",20.7,-33.9667
"1186","PentaMalou",21.2167,-33.9667
"1187","PentaMalou",24.1,-33.9667
"1188","PentaMalou",24.2667,-33.9667
"1189","PentaMalou",18.4167,-33.95
"1190","PentaMalou",18.9833,-33.9167
"1191","PentaMalou",22.0167,-33.8833
"1192","PentaMalou",22.4333,-33.8833
"1193","PentaMalou",23.8167,-33.8833
"1194","PentaMalou",23.7,-33.8667
"1195","PentaMalou",19.2667,-33.8666
"1196","PentaMalou",19.0667,-33.8167
"1197","PentaMalou",19.1,-33.7667
"1198","PentaMalou",21.9333,-33.7167
"1199","PentaMalou",19.15,-33.6667
"1200","PentaMalou",19.1333,-33.6333
"1201","PentaMalou",21.3167,-33.6167
"1202","PentaMalou",22.9333,-33.6167
"1203","PentaMalou",19.1167,-33.6
"1204","PentaMalou",19.6,-33.5667
"1205","PentaMalou",24.7833,-33.5667
"1206","PentaMalou",19.4,-33.5167
"1207","PentaMalou",19.2833,-33.4667
"1208","PentaMalou",19.6333,-33.3833
"1209","PentaMalou",19.6667,-33.3833
"1210","PentaMalou",22.0333,-33.35
"1211","PentaMalou",22.05,-33.35
"1212","PentaMalou",19.3167,-33.1667
"1213","PentaMalou",19.15,-33.0167
"1214","PentaMalou",19.15,-32.3667
"1215","PentaMalou",19.0667,-32.3333
"1216","PentaPalle",18.9833,-34.0333
"1217","PentaPalle",19.6667,-34
"1218","PentaPalle",18.4,-33.9833
"1219","PentaPalle",18.4167,-33.9833
"1220","PentaPalle",18.4333,-33.9833
"1221","PentaPalle",18.4167,-33.9667
"1222","PentaPalle",18.4333,-33.9667
"1223","PentaPalle",18.9833,-33.9667
"1224","PentaPalle",18.4392,-33.9541
"1225","PentaPalle",18.4333,-33.95
"1226","PentaPalle",18.9833,-33.9167
"1227","PentaPalle",19.1667,-33.9167
"1228","PentaPalle",19.1,-33.7667
"1229","PentaPalle",19.15,-33.7
"1230","PentaPalle",19.1167,-33.5167
"1231","PentaPalle",19.2833,-33.4667
"1232","PentaPalli",19.55,-34.65
"1233","PentaPalli",20.5513,-34.3679
"1234","PentaPalli",18.4167,-34.0833
"1235","PentaPalli",20.4667,-34.0667
"1236","PentaPalli",18.4167,-33.9833
"1237","PentaPalli",18.4333,-33.9833
"1238","PentaPalli",18.9833,-33.9833
"1239","PentaPalli",19.3667,-33.9833
"1240","PentaPalli",18.9667,-33.9667
"1241","PentaPalli",18.9833,-33.9667
"1242","PentaPalli",21.2333,-33.9667
"1243","PentaPalli",18.4,-33.95
"1244","PentaPalli",18.4333,-33.95
"1245","PentaPalli",24.3333,-33.9333
"1246","PentaPalli",22.5333,-33.9
"1247","PentaPalli",22.0167,-33.8833
"1248","PentaPalli",22.4333,-33.8833
"1249","PentaPalli",20.4333,-33.8667
"1250","PentaPalli",20.705,-33.8667
"1251","PentaPalli",25.3,-33.8667
"1252","PentaPalli",19.0667,-33.8167
"1253","PentaPalli",23.4333,-33.7667
"1254","PentaPalli",18.9333,-33.7333
"1255","PentaPalli",19.1,-33.6833
"1256","PentaPalli",22.65,-33.6667
"1257","PentaPalli",18.45,-33.65
"1258","PentaPalli",25.1,-33.65
"1259","PentaPalli",23.5333,-33.6167
"1260","PentaPalli",19.8506,-33.6
"1261","PentaPalli",19.6,-33.5667
"1262","PentaPalli",19.1167,-33.5167
"1263","PentaPalli",19.2833,-33.4833
"1264","PentaPalli",19.4167,-33.4833
"1265","PentaPalli",19.2883,-33.4717
"1266","PentaPalli",19.45,-33.4333
"1267","PentaPalli",21.2167,-33.4167
"1268","PentaPalli",19.6667,-33.3833
"1269","PentaPalli",21.9667,-33.35
"1270","PentaPalli",22.0333,-33.35
"1271","PentaPalli",22.05,-33.35
"1272","PentaPalli",19.8667,-33.3333
"1273","PentaPalli",19.0833,-33.3167
"1274","PentaPalli",19.3333,-33.2333
"1275","PentaPalli",19.1167,-33.1833
"1276","PentaPalli",19.1833,-33.1333
"1277","PentaPalli",19.0333,-33.0167
"1278","PentaPalli",18.7333,-32.8667
"1279","PentaPalli",18.7,-32.7667
"1280","PentaPalli",19.189,-32.7501
"1281","PentaPalli",18.7667,-32.7333
"1282","PentaPalli",19.0333,-32.7333
"1283","PentaPalli",19.15,-32.6333
"1284","PentaPalli",19.1667,-32.6333
"1285","PentaPalli",19.15,-32.5167
"1286","PentaPalli",19.2667,-32.4667
"1287","PentaPalli",19.1209,-32.4574
"1288","PentaPalli",19.2,-32.4167
"1289","PentaPalli",19.2167,-32.4167
"1290","PentaPalli",19.0833,-32.4
"1291","PentaPalli",19.05,-32.3833
"1292","PentaPalli",18.85,-32.3667
"1293","PentaPalli",19.1,-32.3667
"1294","PentaPalli",19.1167,-32.3667
"1295","PentaPalli",19.15,-32.3667
"1296","PentaPalli",19.1667,-32.35
"1297","PentaPalli",19.1167,-32.2833
"1298","PentaPalli",19.0667,-32.2
"1299","PentaPalli",19.0167,-32.15
"1300","PentaPalli",19.0181,-32.0838
"1301","PentaPalli",18.9,-31.9667
"1302","PentaPalli",19.05,-31.7167
"1303","PentaRigid",19.85,-34.0667
"1304","PentaRigid",19.0167,-34.05
"1305","PentaRigid",18.9667,-34.0333
"1306","PentaRigid",18.9833,-34.0333
"1307","PentaRigid",18.9833,-34.0167
"1308","PentaRigid",19.0333,-34.0167
"1309","PentaRigid",19.6667,-34
"1310","PentaRigid",18.9833,-33.9833
"1311","PentaRigid",18.9667,-33.9667
"1312","PentaRigid",18.9833,-33.9667
"1313","PentaRigid",19.5167,-33.9667
"1314","PentaRigid",18.9833,-33.9167
"1315","PentaRigid",20.8667,-33.9167
"1316","PentaRigid",20.8833,-33.9167
"1317","PentaRigid",19.1667,-33.8333
"1318","PentaRigid",19.2,-33.75
"1319","PentaRigid",19.1333,-33.7
"1320","PentaRigid",19.15,-33.6667
"1321","PentaRigid",19.8833,-33.6167
"1322","PentaRigid",22.9,-33.6167
"1323","PentaRigid",23.5333,-33.6167
"1324","PentaRigid",19.6,-33.5667
"1325","PentaRigid",24.7833,-33.5667
"1326","PentaRigid",19.3667,-33.5167
"1327","PentaRigid",19.3833,-33.5167
"1328","PentaRigid",19.4167,-33.4833
"1329","PentaRigid",19.3167,-33.4667
"1330","PentaRigid",19.4333,-33.4667
"1331","PentaRigid",19.4667,-33.4667
"1332","PentaRigid",19.452,-33.457
"1333","PentaRigid",19.3167,-33.45
"1334","PentaRigid",21.2167,-33.4167
"1335","PentaRigid",22.6833,-33.4167
"1336","PentaRigid",21.3667,-33.4
"1337","PentaRigid",19.6333,-33.3833
"1338","PentaRigid",19.6667,-33.3833
"1339","PentaRigid",19.6591,-33.3713
"1340","PentaRigid",21.9833,-33.3667
"1341","PentaRigid",19.6833,-33.35
"1342","PentaRigid",19.8667,-33.35
"1343","PentaRigid",21.9667,-33.35
"1344","PentaRigid",22.05,-33.35
"1345","PentaRigid",19.604,-33.2013
"1346","PentaRigid",19.1833,-33.1333
"1347","PentaRigid",19.35,-32.95
"1348","PentaRigid",19.35,-32.9333
"1349","PentaRigid",19.2167,-32.4167
"1350","PentaRigid",19.15,-32.3667
"1351","PentaRigid",19.0667,-32.3333
"1352","PentaRigid",19.1167,-32.2833
"1353","PentaRoseP",18.9833,-34.0333
"1354","PentaRoseP",19.3833,-33.5667
"1355","PentaRoseP",19.6,-33.5667
"1356","PentaRoseP",19.4031,-33.5429
"1357","PentaRoseP",19.3833,-33.5167
"1358","PentaRoseP",19.4,-33.5167
"1359","PentaRoseP",19.4167,-33.4833
"1360","PentaRoseP",19.3167,-33.4667
"1361","PentaRoseP",19.4667,-33.4667
"1362","PentaRoseP",19.3167,-33.45
"1363","PentaRoseP",19.4344,-33.45
"1364","PentaRoseP",19.45,-33.4333
"1365","PentaRoseP",19.6667,-33.4167
"1366","PentaRoseP",19.6333,-33.3833
"1367","PentaRoseP",19.6667,-33.3833
"1368","PentaRoseP",19.6716,-33.3764
"1369","PentaRoseP",19.2167,-33.2167
"1370","PentaRoseP",19.3,-33.1833
"1371","PentaRoseP",19.1667,-33.1333
"1372","PentaRoseP",18.7333,-32.7833
"1373","PentaRoseP",19.2,-32.5333
"1374","PentaRoseP",19.15,-32.5167
"1375","PentaRoseP",19.15,-32.3667
"1376","PentaRoseP",19.1667,-32.35
"1377","PentaRoseP",19.0667,-32.3333
"1378","PentaTortu",18.9667,-34.3167
"1379","PentaTortu",18.9,-34.25
"1380","PentaTortu",18.4167,-33.9833
"1381","PentaTortu",18.4333,-33.9833
"1382","PentaTortu",18.9833,-33.9833
"1383","PentaTortu",18.4167,-33.9667
"1384","PentaTortu",24.1,-33.9667
"1385","PentaTortu",24.7167,-33.9667
"1386","PentaTortu",18.4392,-33.9541
"1387","PentaTortu",18.4333,-33.95
"1388","PentaTortu",21.2167,-33.95
"1389","PentaTortu",22.0167,-33.8833
"1390","PentaTortu",22.4,-33.8833
"1391","PentaTortu",19.0667,-33.8167
"1392","PentaTortu",19.1667,-33.8167
"1393","PentaTortu",19.1167,-33.7
"1394","PentaTortu",24.7833,-33.5667
"1395","PentaVenet",19.2,-33.9
"1396","PentaVenet",19.25,-33.8
"1397","PentaVenet",19.2,-33.75
"1398","PentaVenet",19.6,-33.5667
"1399","PentaVenet",19.3833,-33.5167
"1400","PentaVenet",19.4167,-33.4833
"1401","PentaVenet",19.15,-33.4667
"1402","PentaVenet",19.2833,-33.4667
"1403","PentaVenet",19.3167,-33.4667
"1404","PentaVenet",19.4667,-33.4667
"1405","PentaVenet",19.3167,-33.45
"1406","PentaVenet",19.6333,-33.3833
"1407","PentaVenet",19.6667,-33.3833
"1408","PentaVenet",19.6833,-33.35
"1409","PentaVenet",19.5909,-33.2263
"1410","PentaVenet",19.1833,-33.1333
"1411","PentaVenet",18.7833,-32.5167
"1412","PentaVenet",19.15,-32.5167
"1413","PentaVenet",19.0833,-32.4833
"1414","PentaVenet",19.2,-32.4167
"1415","PentmDisti",19.5167,-33.9667
"1416","PentmDisti",19.5333,-33.9667
"1417","PentmDisti",19.1667,-33.9167
"1418","PentmDisti",19.1667,-33.9
"1419","PentmDisti",23.7,-33.8667
"1420","PentmDisti",19.1167,-33.6167
"1421","PentmDisti",19.1167,-33.6
"1422","PentmDisti",19.3833,-33.5667
"1423","PentmDisti",19.4,-33.5667
"1424","PentmDisti",20.6167,-33.5
"1425","PentmDisti",19.3333,-33.4667
"1426","PentmDisti",19.4667,-33.4667
"1427","PentmDisti",23.6,-33.4667
"1428","PentmDisti",21.2,-33.45
"1429","PentmDisti",23.4667,-33.45
"1430","PentmDisti",19.45,-33.4333
"1431","PentmDisti",21.2167,-33.4167
"1432","PentmDisti",22.0667,-33.3667
"1433","PentmDisti",22.05,-33.35
"1434","PentmDisti",19.1667,-33.1333
"1435","PentmDisti",19.0833,-33.0667
"1436","PentmDisti",19.1333,-33.0167
"1437","PentmDisti",19.3167,-32.9833
"1438","PentmDisti",19.2667,-32.8167
"1439","PentmDisti",19.189,-32.7501
"1440","PentmDisti",19.0833,-32.4
"1441","PentmDisti",19.1,-32.3667
"1442","PentmDisti",19.1667,-32.35
"1443","PentmDisti",19.0753,-32.218
"1444","PentmMacro",18.8667,-34.2833
"1445","PentmMacro",19.0667,-34.0333
"1446","PentmMacro",19.6667,-34
"1447","PentmMacro",18.4167,-33.9833
"1448","PentmMacro",18.9833,-33.9833
"1449","PentmMacro",18.4167,-33.9667
"1450","PentmMacro",18.4333,-33.9667
"1451","PentmMacro",19.5167,-33.9667
"1452","PentmMacro",21.2333,-33.9667
"1453","PentmMacro",19.1667,-33.9167
"1454","PentmMacro",20.8667,-33.9167
"1455","PentmMacro",19.1667,-33.9
"1456","PentmMacro",22.0167,-33.8833
"1457","PentmMacro",19.15,-33.8333
"1458","PentmMacro",23.05,-33.7167
"1459","PentmMacro",19.1333,-33.6833
"1460","PentmMacro",25.3167,-33.6667
"1461","PentmMacro",23.2833,-33.65
"1462","PentmMacro",19.1,-33.6167
"1463","PentmMacro",19.1167,-33.6
"1464","PentmMacro",19.3833,-33.5667
"1465","PentmMacro",24.7833,-33.5667
"1466","PentmMacro",20.6167,-33.5
"1467","PentmMacro",21.2,-33.45
"1468","PentmMacro",23.4667,-33.45
"1469","PentmMacro",22.6833,-33.4167
"1470","PentmMacro",22.4167,-33.3833
"1471","PentmMacro",22.05,-33.35
"1472","PentmMacro",19.0833,-33.0667
"1473","PentmMacro",19.1333,-33.0333
"1474","PentmMacro",19.2667,-32.6333
"1475","PentmMacro",19.15,-32.4833
"1476","PentmMacro",19.1,-32.4167
"1477","PentmMacro",19.0833,-32.4
"1478","PentmMacro",19.15,-32.3833
"1479","ProteCryop",19.175564,-32.523304
"1480","ProteCryop",19.156453,-32.513627
"1481","ProteCryop",19.155079,-32.512278
"1482","ProteCryop",19.15975,-32.473285
"1483","ProteCryop",19.175771,-32.395692
"1484","ProteCryop",19.174488,-32.394253
"1485","ProteCryop",19.17449,-32.394253
"1486","ProteCryop",19.174785,-32.394074
"1487","ProteCryop",19.174532,-32.393501
"1488","ProteCryop",19.165318,-32.355372
"1489","ProteCryop",19.160775,-32.35458
"1490","ProteCryop",19.161105,-32.354505
"1491","ProteCryop",19.16055,-32.354283
"1492","ProteCryop",19.160938,-32.354127
"1493","ProteCryop",19.096815,-32.266015
"1494","ProteCynar",20.668658,-34.4121
"1495","ProteCynar",19.301082,-34.379996
"1496","ProteCynar",18.925486,-34.328813
"1497","ProteCynar",18.952546,-34.289908
"1498","ProteCynar",18.409198,-34.222166
"1499","ProteCynar",19.141827,-34.152371
"1500","ProteCynar",18.973792,-34.020856
"1501","ProteCynar",19.322566,-34.004289
"1502","ProteCynar",20.407706,-33.973333
"1503","ProteCynar",19.506089,-33.971929
"1504","ProteCynar",18.40324,-33.97183
"1505","ProteCynar",19.50619,-33.967018
"1506","ProteCynar",24.264379,-33.964496
"1507","ProteCynar",22.836914,-33.852533
"1508","ProteCynar",19.211348,-32.809013
"1509","ProteGrand",18.887134,-34.232172
"1510","ProteGrand",18.984814,-34.035959
"1511","ProteGrand",18.984555,-34.029556
"1512","ProteGrand",18.979525,-33.975949
"1513","ProteGrand",18.971596,-33.967717
"1514","ProteGrand",18.434033,-33.958554
"1515","ProteGrand",18.434737,-33.958083
"1516","ProteGrand",18.43434,-33.957748
"1517","ProteGrand",18.423717,-33.956589
"1518","ProteGrand",18.403418,-33.955728
"1519","ProteGrand",18.439663,-33.954234
"1520","ProteGrand",18.433625,-33.952838
"1521","ProteGrand",20.862234,-33.919081
"1522","ProteGrand",19.136705,-33.646163
"1523","ProteGrand",19.152143,-33.621227
"1524","ProteGrand",24.784179,-33.571185
"1525","ProteLauri",19.506089,-33.971929
"1526","ProteLauri",19.157391,-33.90687
"1527","ProteLauri",19.651505,-33.832407
"1528","ProteLauri",19.650581,-33.832225
"1529","ProteLauri",19.406361,-33.752741
"1530","ProteLauri",19.150559,-33.719249
"1531","ProteLauri",20.146474,-33.636599
"1532","ProteLauri",19.650565,-33.593009
"1533","ProteLauri",19.129205,-33.588407
"1534","ProteLauri",19.653277,-33.580203
"1535","ProteLauri",19.388132,-33.555466
"1536","ProteLauri",20.723221,-33.497157
"1537","ProteLauri",20.69444444,-33.49166667
"1538","ProteLauri",20.602707,-33.384759
"1539","ProteLauri",19.203255,-33.269191
"1540","ProteLauri",19.611888,-33.253813
"1541","ProteLauri",18.888728,-33.130027
"1542","ProteLauri",19.315606,-33.022154
"1543","ProteLauri",19.63822222,-32.89625
"1544","ProteLauri",19.266601,-32.538955
"1545","ProteLauri",19.283485,-32.436371
"1546","ProteLauri",18.985469,-32.359229
"1547","ProteLauri",19.137721,-32.228375
"1548","ProteLauri",18.518713,-32.018684
"1549","ProteLauri",18.760878,-31.773119
"1550","ProteLauri",19.018057,-31.375024
"1551","ProteLorif",19.506089,-33.971929
"1552","ProteLorif",19.506341,-33.971398
"1553","ProteLorif",19.502607,-33.969355
"1554","ProteLorif",21.24695,-33.93941667
"1555","ProteLorif",21.6,-33.692123
"1556","ProteLorif",19.918917,-33.69105
"1557","ProteLorif",19.91892,-33.69105
"1558","ProteLorif",21.497596,-33.646835
"1559","ProteLorif",24.462971,-33.635274
"1560","ProteLorif",20.217291,-33.624169
"1561","ProteLorif",23.643172,-33.512268
"1562","ProteLorif",20.63333,-33.483333
"1563","ProteLorif",23.595629,-33.455145
"1564","ProteLorif",21.28055556,-33.44722222
"1565","ProteLorif",21.398774,-33.39637
"1566","ProteLorif",22.15361111,-33.35527778
"1567","ProteLorif",22.047166,-33.351684
"1568","ProteLorif",22.047917,-33.349212
"1569","ProteLorif",20.535793,-33.280664
"1570","ProteNerii",20.58002,-34.410152
"1571","ProteNerii",20.620094,-34.373062
"1572","ProteNerii",18.961473,-34.328172
"1573","ProteNerii",19.141827,-34.152371
"1574","ProteNerii",19.14183,-34.15237
"1575","ProteNerii",19.135151,-34.139434
"1576","ProteNerii",18.924336,-34.134145
"1577","ProteNerii",19.920482,-34.118754
"1578","ProteNerii",19.89416,-34.113098
"1579","ProteNerii",18.975957,-33.977939
"1580","ProteNerii",19.537287,-33.976605
"1581","ProteNerii",19.501524,-33.967269
"1582","ProteNerii",18.432916,-33.958171
"1583","ProteNerii",18.941283,-33.948568
"1584","ProteNerii",21.052759,-33.938884
"1585","ProteNerii",21.052679,-33.93807
"1586","ProteNerii",21.072773,-33.932388
"1587","ProteNerii",21.766151,-33.926996
"1588","ProteNerii",20.856939,-33.922224
"1589","ProteNerii",19.524388,-33.92092
"1590","ProteNerii",19.542106,-33.91967
"1591","ProteNerii",20.861217,-33.918631
"1592","ProteNerii",23.160571,-33.913597
"1593","ProteNerii",25.214755,-33.89528
"1594","ProteNerii",22.42711,-33.889646
"1595","ProteNerii",22.399897,-33.885888
"1596","ProteNerii",22.30855,-33.8779
"1597","ProteNerii",23.045409,-33.721346
"1598","ProteNerii",19.918917,-33.69105
"1599","ProteNerii",19.91892,-33.69105
"1600","ProteNerii",21.497596,-33.646835
"1601","ProteNerii",23.835133,-33.618898
"1602","ProteNerii",18.792563,-33.605063
"1603","ProteNerii",20.723221,-33.497157
"1604","ProteNerii",19.147134,-33.150847
"1605","ProteNitid",19.920482,-34.118754
"1606","ProteNitid",20.45429,-33.99671
"1607","ProteNitid",19.506089,-33.971929
"1608","ProteNitid",20.404941,-33.967414
"1609","ProteNitid",19.501524,-33.967269
"1610","ProteNitid",21.727575,-33.915167
"1611","ProteNitid",19.158194,-33.903627
"1612","ProteNitid",20.903013,-33.901717
"1613","ProteNitid",20.107995,-33.809662
"1614","ProteNitid",18.945004,-33.739242
"1615","ProteNitid",23.045409,-33.721346
"1616","ProteNitid",19.91892,-33.69105
"1617","ProteNitid",24.462971,-33.635274
"1618","ProteNitid",21.42167,-33.631984
"1619","ProteNitid",19.653277,-33.580203
"1620","ProteNitid",21.908857,-33.342457
"1621","ProteNitid",18.889033,-33.131429
"1622","ProteNitid",18.49792,-32.669869
"1623","ProteNitid",19.266601,-32.538955
"1624","ProteNitid",19.084762,-32.36161
"1625","ProteNitid",19.084681,-32.361444
"1626","ProteNitid",19.043409,-32.360151
"1627","ProteNitid",19.063312,-32.174952
"1628","ProteNitid",19.063541,-32.174911
"1629","ProteNitid",18.79706,-31.688785
"1630","ProteNitid",19.018057,-31.375024
"1631","ProteRepen",20.58002,-34.410152
"1632","ProteRepen",19.012446,-34.30773
"1633","ProteRepen",18.404979,-34.226505
"1634","ProteRepen",21.770534,-34.189976
"1635","ProteRepen",19.920482,-34.118754
"1636","ProteRepen",19.284888,-34.10244
"1637","ProteRepen",18.972981,-33.991472
"1638","ProteRepen",18.967677,-33.989078
"1639","ProteRepen",19.501213,-33.974761
"1640","ProteRepen",19.506089,-33.971929
"1641","ProteRepen",19.502607,-33.969355
"1642","ProteRepen",19.501524,-33.967269
"1643","ProteRepen",18.439663,-33.954234
"1644","ProteRepen",19.15726,-33.904748
"1645","ProteRepen",22.431762,-33.885082
"1646","ProteRepen",24.927889,-33.840099
"1647","ProteRepen",24.146663,-33.702498
"1648","ProteRepen",21.497596,-33.646835
"1649","ProteRepen",19.650565,-33.593009
"1650","ProteRepen",19.395447,-33.548439
"1651","ProteRepen",20.706263,-33.500749
"1652","ProteRepen",22.046452,-33.352081
"1653","ProteRepen",20.61949,-33.32821
"1654","ProteRepen",19.332696,-33.233705
"1655","ProteRepen",18.79706,-31.688785
"1656","ProteRepen",19.01595,-31.371811
"1657","ProteRupic",18.984814,-34.035959
"1658","ProteRupic",18.982704,-34.034801
"1659","ProteRupic",18.985271,-34.02346
"1660","ProteRupic",18.998074,-33.983175
"1661","ProteRupic",18.996921,-33.982124
"1662","ProteRupic",18.991373,-33.976498
"1663","ProteRupic",18.978702,-33.976429
"1664","ProteRupic",18.973649,-33.967103
"1665","ProteRupic",23.531302,-33.623961
"1666","ProteRupic",23.531549,-33.621574
"1667","ProteRupic",22.926673,-33.616087
"1668","ProteRupic",21.367969,-33.398236
"1669","ProteRupic",22.219664,-33.393683
"1670","ProteRupic",22.409757,-33.391009
"1671","ProteRupic",19.146013,-33.106028
"1672","ProteScolo",18.966932,-33.988807
"1673","ProteScolo",19.524388,-33.92092
"1674","ProteScolo",19.294987,-33.86361
"1675","ProteScolo",18.927667,-33.721084
"1676","ProteScolo",22.861759,-33.62306
"1677","ProteScolo",22.938273,-33.617275
"1678","ProteScolo",19.853616,-33.604344
"1679","ProteScolo",19.625662,-33.568565
"1680","ProteScolo",19.624711,-33.567777
"1681","ProteScolo",21.367969,-33.398236
"1682","ProteScolo",19.669033,-33.386047
"1683","ProteScolo",19.668615,-33.381922
"1684","ProteScolo",22.166097,-33.322856
"1685","ProteScolo",22.184903,-33.316553
"1686","ProteScolo",20.535793,-33.281284
"1687","ProteScolo",19.166621,-33.136561
"1688","ProteScolo",19.131306,-33.033295
"1689","ProteScolo",19.131104,-33.023966
"1690","ProteScolo",19.411157,-32.879265
"1691","ProteScolo",19.175443,-32.510682
"1692","ProteScolo",19.15218,-32.486012
"1693","ProteScolo",19.205025,-32.42629
"1694","ProteScolo",19.147228,-32.377488
"1695","ProteScolo",19.106701,-32.366437
"1696","PseudMacra",20.031369,-34.54345
"1697","PseudMacra",20.669712,-34.424481
"1698","PseudMacra",20.562876,-34.377847
"1699","PseudMacra",20.539991,-34.372858
"1700","PseudMacra",18.895584,-34.318591
"1701","PseudMacra",18.420653,-34.092079
"1702","PseudMacra",18.411066,-33.968416
"1703","PseudMacra",18.425671,-33.966941
"1704","PseudMacra",18.409382,-33.96141
"1705","PseudMacra",18.435574,-33.956957
"1706","PseudMacra",18.416043,-33.955039
"1707","PseudMacra",18.415864,-33.953827
"1708","PseudMacra",18.435257,-33.950063
"1709","PseudMacra",19.414941,-32.963983
"1710","PseudMacra",18.736857,-32.853925
"1711","PseudMacra",18.731844,-32.846692
"1712","PteryAcuti",19.88111111,-34.51583333
"1713","PteryAcuti",18.9,-34.31666667
"1714","PteryAcuti",19.001189,-34.312115
"1715","PteryAcuti",19.120075,-34.30944
"1716","PteryAcuti",18.888677,-34.236239
"1717","PteryAcuti",18.895397,-34.235858
"1718","PteryAcuti",18.98916667,-34.04333333
"1719","PteryAcuti",19.045076,-34.028298
"1720","PteryAcuti",18.989579,-34.017197
"1721","PteryAcuti",19.029489,-34.016466
"1722","PteryAcuti",20.726765,-33.985611
"1723","PteryAcuti",18.403466,-33.979946
"1724","PteryAcuti",18.415242,-33.977468
"1725","PteryAcuti",20.707413,-33.975115
"1726","PteryAcuti",18.418837,-33.973185
"1727","PteryAcuti",19.496973,-33.971594
"1728","PteryAcuti",18.411066,-33.968416
"1729","PteryAcuti",18.418904,-33.959115
"1730","PteryAcuti",20.846245,-33.956009
"1731","PteryAcuti",21.18888889,-33.95555556
"1732","PteryAcuti",20.810311,-33.945945
"1733","PteryAcuti",19.158248,-33.909597
"1734","PteryAcuti",19.16013,-33.882843
"1735","PteryAcuti",22.030671,-33.871981
"1736","PteryAcuti",22.800233,-33.841271
"1737","PteryAcuti",18.914936,-33.727743
"1738","PteryAcuti",22.741686,-33.648554
"1739","PteryAcuti",19.125,-33.602487
"1740","PteryAcuti",20.311357,-33.390501
"1741","PteryAcuti",22.24305556,-33.32777778
"1742","PteryAcuti",19.091371,-33.067131
"1743","PteryCatho",19.140709,-34.151074
"1744","PteryCatho",19.146807,-34.149304
"1745","PteryCatho",19.144291,-34.148984
"1746","PteryCatho",19.60575,-34.035044
"1747","PteryCatho",20.455349,-33.997504
"1748","PteryCatho",18.97383,-33.992568
"1749","PteryCatho",18.972782,-33.991763
"1750","PteryCatho",20.45248,-33.989392
"1751","PteryCatho",18.414479,-33.978399
"1752","PteryCatho",20.701355,-33.972275
"1753","PteryCatho",18.984661,-33.971704
"1754","PteryCatho",19.521262,-33.970293
"1755","PteryCatho",18.439485,-33.954206
"1756","PteryCatho",18.92277,-33.934297
"1757","PteryCatho",19.158248,-33.909597
"1758","PteryCatho",19.156225,-33.896483
"1759","PteryCatho",19.16027778,-33.89194444
"1760","PteryCatho",19.159981,-33.88427
"1761","PteryCatho",19.062544,-33.810732
"1762","PteryCatho",19.059877,-33.809618
"1763","PteryCatho",18.905115,-33.795383
"1764","PteryCatho",19.184903,-33.677551
"1765","PteryCatho",19.1,-33.60833333
"1766","PteryCatho",19.119196,-33.600068
"1767","PteryCatho",19.10638889,-33.59861111
"1768","PteryCatho",19.052502,-32.968785
"1769","PteryCatho",19.195864,-32.963986
"1770","PteryCatho",19.04432,-32.900401
"1771","PteryCatho",19.050196,-32.895992
"1772","PteryCatho",19.26666667,-32.53888889
"1773","PteryCatho",19.058791,-31.445439
"1774","PteryPlaty",20.587579,-34.416833
"1775","PteryPlaty",18.998561,-33.986231
"1776","PteryPlaty",19.506174,-33.971228
"1777","PteryPlaty",18.411066,-33.968416
"1778","PteryPlaty",18.998898,-33.942703
"1779","PteryPlaty",19.536946,-33.93917
"1780","PteryPlaty",18.924012,-33.93601
"1781","PteryPlaty",19.15833333,-33.88333333
"1782","PteryPlaty",19.062544,-33.810732
"1783","PteryPlaty",19.171335,-33.704756
"1784","PteryPlaty",19.886671,-33.625488
"1785","PteryPlaty",20.724474,-33.498287
"1786","PteryPlaty",19.395014,-33.213364
"1787","PteryPlaty",18.737796,-32.774743
"1788","PteryPlaty",18.575791,-32.718566
"1789","PteryPlaty",19.171237,-32.683012
"1790","RestiEgreg",19.648043,-34.733254
"1791","RestiEgreg",18.866181,-34.31269
"1792","RestiEgreg",18.865958,-34.312544
"1793","RestiEgreg",19.022833,-34.310629
"1794","RestiEgreg",18.990597,-34.306123
"1795","RestiEgreg",18.938141,-34.28852
"1796","RestiEgreg",18.982166,-34.257031
"1797","RestiEgreg",18.9833,-34.25
"1798","RestiEgreg",19.151719,-34.233304
"1799","RestiEgreg",19.152246,-34.231497
"1800","RestiEgreg",19.14,-34.15
"1801","RestiEgreg",19.151072,-34.148002
"1802","RestiEgreg",18.971873,-34.089617
"1803","RestiEgreg",18.972045,-34.089603
"1804","RestiEgreg",19.038988,-34.082524
"1805","RestiEgreg",19.038999,-34.082479
"1806","RestiEgreg",19.020803,-34.046223
"1807","RestiEgreg",19.016379,-34.046099
"1808","RhodoCapen",23.802603,-33.638773
"1809","RhodoCapen",23.812278,-33.63719
"1810","RhodoCapen",24.393767,-33.584183
"1811","RhodoCapen",20.620586,-33.509718
"1812","RhodoCapen",21.399506,-33.39855
"1813","RhodoCapen",21.367874,-33.398156
"1814","RhodoCapen",22.05242,-33.355234
"1815","RhodoCapen",22.045942,-33.349899
"1816","RhodoCapen",21.418368,-33.342251
"1817","RhodoCapen",19.508153,-33.275799
"1818","RhodoCapen",19.734176,-33.265291
"1819","RhodoCapen",19.490522,-32.964133
"1820","RhodoCapen",19.559176,-32.898449
"1821","RhodoCapen",19.22596,-32.649488
"1822","RhodoCapen",19.375883,-32.47537
"1823","RhodoFruti",19.884136,-34.462574
"1824","RhodoFruti",19.628139,-34.416369
"1825","RhodoFruti",20.575581,-34.387396
"1826","RhodoFruti",20.565942,-34.374815
"1827","RhodoFruti",21.219398,-33.967615
"1828","RhodoFruti",22.515807,-33.927081
"1829","RhodoFruti",20.920464,-33.888004
"1830","RhodoFruti",20.876246,-33.887507
"1831","RhodoFruti",20.912422,-33.886114
"1832","RhodoFruti",23.977721,-33.852382
"1833","RhodoFruti",23.847296,-33.835066
"1834","RhodoFruti",20.712091,-33.781066
"1835","RhodoFruti",20.725089,-33.781066
"1836","RhodoFruti",25.205124,-33.731615
"1837","RhodoFruti",23.054723,-33.722083
"1838","RhodoFruti",21.9333,-33.7167
"1839","RhodoFruti",21.641944,-33.715901
"1840","RhodoFruti",24.151004,-33.715262
"1841","RhodoFruti",21.65485,-33.692155
"1842","RhodoFruti",21.648984,-33.678646
"1843","RhodoFruti",23.148311,-33.677339
"1844","RhodoFruti",21.520301,-33.66172
"1845","RhodoFruti",23.286363,-33.656462
"1846","RhodoFruti",23.8203,-33.647393
"1847","RhodoFruti",21.497433,-33.646174
"1848","RhodoFruti",21.467406,-33.642172
"1849","RhodoFruti",23.802603,-33.638773
"1850","RhodoFruti",21.349011,-33.618364
"1851","RhodoFruti",20.868186,-33.575359
"1852","RhodoFruti",24.782436,-33.572636
"1853","RhodoFruti",24.051458,-33.520089
"1854","RhodoFruti",20.620586,-33.509718
"1855","RhodoFruti",20.608573,-33.508293
"1856","RhodoFruti",20.624888,-33.508025
"1857","RhodoFruti",20.963053,-33.465191
"1858","RhodoFruti",21.399247,-33.396246
"1859","RhodoFruti",22.054647,-33.357675
"1860","RhodoFruti",22.045942,-33.349899
"1861","RhodoFruti",22.047917,-33.349212
"1862","RhodoFruti",23.519503,-33.348554
"1863","RhodoFruti",23.519098,-33.346778
"1864","RhodoFruti",20.050661,-33.334283
"1865","RhodoFruti",22.035457,-33.33238
"1866","RhodoFruti",22.036863,-33.319745
"1867","RhodoFruti",19.71041,-33.211646
"1868","SatyrBicor",19.532484,-34.458046
"1869","SatyrBicor",18.908675,-34.259182
"1870","SatyrBicor",18.93201,-34.14652
"1871","SatyrBicor",18.930589,-34.14428
"1872","SatyrBicor",19.013498,-34.011053
"1873","SatyrBicor",18.985978,-33.997642
"1874","SatyrBicor",18.977909,-33.988333
"1875","SatyrBicor",18.977823,-33.984189
"1876","SatyrBicor",18.976948,-33.979633
"1877","SatyrBicor",18.984661,-33.971704
"1878","SatyrBicor",18.411066,-33.968416
"1879","SatyrBicor",19.111668,-33.968113
"1880","SatyrBicor",19.58288,-33.952445
"1881","SatyrBicor",22.398798,-33.886297
"1882","SatyrBicor",21.502644,-33.657916
"1883","SatyrBicor",21.497636,-33.647075
"1884","SatyrBicor",19.37296,-33.639466
"1885","SatyrBicor",18.553809,-33.555803
"1886","SatyrHumil",18.962511,-34.322695
"1887","SatyrHumil",18.887324,-34.235695
"1888","SatyrHumil",18.93201,-34.14652
"1889","SatyrHumil",19.124429,-34.135933
"1890","SatyrHumil",19.124652,-34.135897
"1891","SatyrHumil",19.589678,-34.031285
"1892","SatyrHumil",19.020823,-34.026933
"1893","SatyrHumil",19.208151,-34.017923
"1894","SatyrHumil",19.105849,-34.003348
"1895","SatyrHumil",18.997126,-33.99752
"1896","SatyrHumil",18.981172,-33.987487
"1897","SatyrHumil",18.98437,-33.986481
"1898","SatyrHumil",19.339381,-33.985096
"1899","SatyrHumil",18.977823,-33.984189
"1900","SatyrHumil",18.987726,-33.980771
"1901","SatyrHumil",18.416855,-33.979722
"1902","SatyrHumil",18.976948,-33.979633
"1903","SatyrHumil",19.50372,-33.973603
"1904","SatyrHumil",19.592553,-33.943232
"1905","SatyrHumil",19.161099,-33.919707
"1906","SatyrHumil",19.156225,-33.901488
"1907","SatyrHumil",19.495514,-33.873998
"1908","SatyrHumil",20.090872,-33.812446
"1909","SatyrHumil",19.171684,-33.707213
"1910","SatyrHumil",19.136894,-33.698175
"1911","SatyrHumil",22.911362,-33.647998
"1912","SatyrHumil",21.872504,-33.379247
"1913","SatyrHumil",22.184259,-33.31703
"1914","SatyrHumil",19.209692,-33.290236
"1915","SatyrHumil",19.312078,-33.118582
"1916","SatyrHumil",19.091371,-33.067131
"1917","SatyrHumil",19.010285,-32.132708
"1918","SatyrStenB",18.87185,-34.332158
"1919","SatyrStenB",18.872758,-34.332132
"1920","SatyrStenB",18.962511,-34.322695
"1921","SatyrStenB",18.957804,-34.322344
"1922","SatyrStenB",18.991208,-34.305896
"1923","SatyrStenB",18.961445,-34.304789
"1924","SatyrStenB",19.169253,-34.215577
"1925","SatyrStenB",18.93201,-34.14652
"1926","SatyrStenB",18.934028,-34.140944
"1927","SatyrStenB",19.105849,-34.003348
"1928","SatyrStenB",18.977909,-33.988333
"1929","SatyrStenB",19.179748,-33.988231
"1930","SatyrStenB",19.159332,-33.91484
"1931","SatyrStenB",19.121102,-33.559254
"1932","SatyrStenB",19.961445,-33.304789
"1933","SatyrStenB",19.310757,-33.237264
"1934","SatyrStenB",19.128457,-32.650372
"1935","StoebAethi",20.59,-34.37
"1936","StoebAethi",18.98,-34.26
"1937","StoebAethi",18.89,-34.25
"1938","StoebAethi",19.52,-33.95
"1939","StoebAethi",20.64,-33.94
"1940","StoebAethi",21.05,-33.94
"1941","StoebAethi",20.92,-33.88
"1942","StoebAethi",22.79,-33.65
"1943","StoebAethi",21.55,-33.41
"1944","StoebAethi",22.04,-33.35
"1945","StoebAethi",19.67,-33.34
"1946","StoebAethi",22.19,-33.32
"1947","StoebAethi",19.85,-33.3
"1948","StoebAethi",19.36,-33.19
"1949","StoebAethi",19.24,-33.12
"1950","StoebAethi",19.53,-32.92
"1951","StoebAethi",19.12,-32.68
"1952","StoebAethi",19.16,-32.68
"1953","StoebAethi",19.13,-32.67
"1954","StoebAethi",19.3,-32.55
"1955","StoebAethi",19.26,-32.53
"1956","StoebAethi",19.2,-32.51
"1957","StoebAethi",18.84,-32.4
"1958","StoebAethi",19.11,-32.28
"1959","StoebAethi",19.4,-32.2
"1960","StoebAethi",19,-32.13
"1961","StoebAethi",18.67,-31.79
"1962","StoebAethi",19.02,-31.79
"1963","StoebAethi",18.76,-31.77
"1964","StoebAethi",19.12,-31.66
"1965","StoebAethi",19.07,-31.51
"1966","StoebCapit",19.99,-34.56
"1967","StoebCapit",19.03,-34.23
"1968","StoebCapit",18.42,-34.09
"1969","StoebCapit",19.01,-34.01
"1970","StoebCapit",18.99,-33.99
"1971","StoebCapit",19.54,-33.99
"1972","StoebCapit",18.98,-33.98
"1973","StoebCapit",18.42,-33.97
"1974","StoebCapit",21.21,-33.97
"1975","StoebCapit",19.13,-33.58
"1976","StoebCapit",19.15,-33.55
"1977","StoebCapit",19.12,-33.49
"1978","StoebCapit",19.31,-33.41
"1979","StoebCapit",19.31,-33.23
"1980","StoebCapit",19.09,-33.21
"1981","StoebCapit",19.01,-32.35
"1982","StoebCapit",19.09,-32.21
"1983","StoebFusca",18.4,-33.96
"1984","StoebFusca",18.43,-33.96
"1985","StoebFusca",18.59,-33.86
"1986","StoebFusca",18.92,-33.72
"1987","StoebFusca",19.86,-33.32
"1988","StoebFusca",19.22,-33.28
"1989","StoebFusca",19.51,-32.92
"1990","StoebFusca",19.53,-32.85
"1991","StoebFusca",19.13,-32.66
"1992","StoebFusca",19.3,-32.65
"1993","StoebFusca",19.15,-32.63
"1994","StoebFusca",19.28,-32.56
"1995","StoebFusca",19.2,-32.54
"1996","StoebFusca",19.28,-32.46
"1997","StoebFusca",19.01,-32.14
"1998","StoebFusca",18.66,-31.79
"1999","StoebFusca",19.19,-31.69
"2000","StoebPlumo",19.58,-34.63
"2001","StoebPlumo",20.44,-34.45
"2002","StoebPlumo",18.94,-34.32
"2003","StoebPlumo",18.93,-34.14
"2004","StoebPlumo",19.03,-34.06
"2005","StoebPlumo",19.04,-34.01
"2006","StoebPlumo",23.06,-34.01
"2007","StoebPlumo",18.92,-33.99
"2008","StoebPlumo",18.4,-33.98
"2009","StoebPlumo",18.43,-33.98
"2010","StoebPlumo",18.89,-33.97
"2011","StoebPlumo",19.51,-33.97
"2012","StoebPlumo",25.22,-33.89
"2013","StoebPlumo",19.19,-33.86
"2014","StoebPlumo",19.09,-33.77
"2015","StoebPlumo",19.08,-33.72
"2016","StoebPlumo",19.15,-33.65
"2017","StoebPlumo",20.15,-33.64
"2018","StoebPlumo",18.8,-33.6
"2019","StoebPlumo",24.79,-33.57
"2020","StoebPlumo",19.1,-33.55
"2021","StoebPlumo",19.22,-33.47
"2022","StoebPlumo",19.5,-33.46
"2023","StoebPlumo",19.62,-33.46
"2024","StoebPlumo",19.27,-33.45
"2025","StoebPlumo",23.47,-33.45
"2026","StoebPlumo",21.21,-33.41
"2027","StoebPlumo",19.66,-33.37
"2028","StoebPlumo",19.67,-33.37
"2029","StoebPlumo",22.05,-33.35
"2030","StoebPlumo",21.35,-33.31
"2031","StoebPlumo",22.19,-33.31
"2032","StoebPlumo",20.67,-33.27
"2033","StoebPlumo",19.3,-33.18
"2034","StoebPlumo",19.14,-33.15
"2035","StoebPlumo",19.17,-33.13
"2036","StoebPlumo",19.11,-33.02
"2037","StoebPlumo",19.13,-33
"2038","StoebPlumo",19.36,-32.96
"2039","StoebPlumo",19.45,-32.91
"2040","StoebPlumo",18.77,-32.74
"2041","StoebPlumo",19.16,-32.67
"2042","StoebPlumo",19.13,-32.47
"2043","StoebPlumo",19.12,-32.46
"2044","StoebPlumo",19.2,-32.42
"2045","StoebPlumo",19.13,-32.35
"2046","StoebPlumo",19,-32.12
"2047","StoebPlumo",18.67,-31.79
"2048","StoebPlumo",19.14,-31.44
"2049","StoebSpira",19.02,-34.31
"2050","StoebSpira",19.01,-34.26
"2051","StoebSpira",18.92,-34.15
"2052","StoebSpira",18.93,-34.14
"2053","StoebSpira",18.97,-34.1
"2054","StoebSpira",19.71,-34.05
"2055","StoebSpira",19.63,-34.03
"2056","StoebSpira",19.7,-34.01
"2057","StoebSpira",18.98,-33.98
"2058","StoebSpira",19.5,-33.97
"2059","StoebSpira",19.51,-33.97
"2060","StoebSpira",19.52,-33.95
"2061","StoebSpira",20.46,-33.95
"2062","StoebSpira",21.32,-33.94
"2063","StoebSpira",20.87,-33.93
"2064","StoebSpira",20.86,-33.92
"2065","StoebSpira",19.2,-33.87
"2066","StoebSpira",22.02,-33.86
"2067","StoebSpira",19.09,-33.78
"2068","StoebSpira",19.07,-33.72
"2069","StoebSpira",19.14,-33.72
"2070","StoebSpira",19.16,-33.68
"2071","StoebSpira",21.54,-33.67
"2072","StoebSpira",21.5,-33.65
"2073","StoebSpira",19.1,-33.62
"2074","StoebSpira",19.42,-33.57
"2075","StoebSpira",19.39,-33.56
"2076","StoebSpira",19.43,-33.56
"2077","StoebSpira",19.4,-33.54
"2078","StoebSpira",19.27,-33.45
"2079","StoebSpira",19.43,-33.45
"2080","StoebSpira",21.26,-33.45
"2081","StoebSpira",19.31,-33.43
"2082","StoebSpira",22.01,-33.35
"2083","StoebSpira",19.13,-33.1
"2084","StoebSpira",19.13,-32.97
"2085","StoebSpira",19.01,-32.8
"2086","StoebSpira",19.17,-32.7
"2087","StoebSpira",19.16,-32.61
"2088","StoebSpira",19.15,-32.48
"2089","StoebSpira",19.07,-32.41
"2090","TetraBromo",20.68,-34.41
"2091","TetraBromo",20.54,-34.37
"2092","TetraBromo",18.9,-34.33
"2093","TetraBromo",18.91,-34.33
"2094","TetraBromo",19.14,-34.15
"2095","TetraBromo",19.55,-34.02
"2096","TetraBromo",19.03,-34.01
"2097","TetraBromo",19.01,-34
"2098","TetraBromo",18.98,-33.99
"2099","TetraBromo",18.43,-33.98
"2100","TetraBromo",18.99,-33.98
"2101","TetraBromo",21.19,-33.97
"2102","TetraBromo",19.51,-33.96
"2103","TetraBromo",20.71,-33.94
"2104","TetraBromo",20.92,-33.89
"2105","TetraBromo",20.93,-33.89
"2106","TetraBromo",19.06,-33.81
"2107","TetraBromo",24.24,-33.71
"2108","TetraBromo",21.49,-33.64
"2109","TetraBromo",21.5,-33.64
"2110","TetraFasci",19.17,-34.2
"2111","TetraFasci",19.14,-34.15
"2112","TetraFasci",19,-34.02
"2113","TetraFasci",18.97,-34.01
"2114","TetraFasci",19.4,-33.99
"2115","TetraFasci",20.46,-33.96
"2116","TetraFasci",20.48,-33.96
"2117","TetraFasci",22.05,-33.89
"2118","TetraFasci",23.96,-33.89
"2119","TetraFasci",22.04,-33.88
"2120","TetraFasci",19.08,-33.77
"2121","TetraFasci",19.14,-33.71
"2122","TetraFasci",19.15,-33.71
"2123","TetraFasci",19.14,-33.7
"2124","TetraFasci",19.1,-33.69
"2125","TetraFasci",19.1,-33.67
"2126","TetraFasci",19.15,-33.66
"2127","TetraFasci",19.1,-33.62
"2128","TetraFasci",19.11,-33.59
"2129","TetraFasci",19.31,-33.46
"2130","TetraFasci",19.07,-33.1
"2131","TetraFimbr",20.58,-34.41
"2132","TetraFimbr",20.55,-34.4
"2133","TetraFimbr",18.96,-34.32
"2134","TetraFimbr",18.91,-34.26
"2135","TetraFimbr",19.18,-34.18
"2136","TetraFimbr",19.14,-34.15
"2137","TetraFimbr",19.85,-34.06
"2138","TetraFimbr",18.98,-34.04
"2139","TetraFimbr",19.03,-34.02
"2140","TetraFimbr",18.98,-33.99
"2141","TetraFimbr",18.43,-33.98
"2142","TetraFimbr",18.99,-33.98
"2143","TetraFimbr",19,-33.93
"2144","TetraFimbr",20.9,-33.9
"2145","TetraFimbr",20.92,-33.9
"2146","TetraFimbr",23.96,-33.89
"2147","TetraFimbr",22.03,-33.88
"2148","TetraFimbr",19.15,-33.82
"2149","TetraFimbr",19.16,-33.82
"2150","TetraFimbr",19.03,-33.81
"2151","TetraFimbr",19.18,-33.71
"2152","TetraFimbr",21.45,-33.68
"2153","TetraFimbr",21.44,-33.67
"2154","TetraFimbr",19.15,-33.66
"2155","TetraFimbr",25.17,-33.62
"2156","TetraFlexu",18.87,-34.34
"2157","TetraFlexu",19.016667,-34.3
"2158","TetraFlexu",18.95,-34.29
"2159","TetraFlexu",19.033333,-34.283333
"2160","TetraFlexu",19.04,-34.28
"2161","TetraFlexu",19.17,-34.2
"2162","TetraFlexu",19.14,-34.15
"2163","TetraFlexu",18.99,-34.05
"2164","TetraFlexu",19,-34.05
"2165","TetraFlexu",19.06,-34.05
"2166","TetraFlexu",18.99,-34.04
"2167","TetraFlexu",18.41,-33.97
"2168","TetraFlexu",22.51,-33.92
"2169","TetraFlexu",20.86,-33.9
"2170","TetraFlexu",19.06,-33.81
"2171","TetraFlexu",19.1,-33.69
"2172","TetraFlexu",19.13,-33.64
"2173","TetraFlexu",19.14,-33.62
"2174","TetraFlexu",19.14,-33.04
"2175","TetraInvol",20.45,-33.99
"2176","TetraInvol",18.43,-33.98
"2177","TetraInvol",19.51,-33.97
"2178","TetraInvol",19.52,-33.96
"2179","TetraInvol",21.25,-33.96
"2180","TetraInvol",20.47,-33.95
"2181","TetraInvol",22.4,-33.89
"2182","TetraInvol",22.03,-33.88
"2183","TetraInvol",19.12,-33.7
"2184","TetraInvol",19.15,-33.66
"2185","TetraInvol",19.11,-33.64
"2186","TetraInvol",19.13,-33.64
"2187","TetraInvol",20.13,-33.64
"2188","TetraInvol",20.15,-33.64
"2189","TetraInvol",21.5,-33.64
"2190","TetraInvol",22.92,-33.62
"2191","TetraInvol",19.11,-33.61
"2192","TetraInvol",19.12,-33.61
"2193","TetraInvol",24.78,-33.57
"2194","TetraInvol",19.42,-33.56
"2195","TetraInvol",19.39,-33.5
"2196","TetraInvol",19.32,-33.47
"2197","TetraInvol",19.43,-33.43
"2198","TetraInvol",21.21,-33.42
"2199","TetraInvol",22.07,-33.36
"2200","TetraInvol",22.05,-33.35
"2201","TetraInvol",22.04,-33.34
"2202","TetraInvol",19.3,-33.19
"2203","TetraInvol",19.13,-33.15
"2204","TetraInvol",19.17,-33.13
"2205","TetraInvol",19.016667,-32.416667
"2206","TetraInvol",19.09,-32.36
"2207","TetraInvol",19.13,-32.29
"2208","TetraInvol",19.09,-32.24
"2209","TetraTriYo",19.17,-34.2
"2210","TetraTriYo",19.14,-34.15
"2211","TetraTriYo",18.93,-34.13
"2212","TetraTriYo",19.01,-34.01
"2213","TetraTriYo",19.72,-34.01
"2214","TetraTriYo",19.01,-34
"2215","TetraTriYo",18.4,-33.97
"2216","TetraTriYo",18.41,-33.97
"2217","TetraTriYo",18.42,-33.97
"2218","TetraTriYo",20.86,-33.92
"2219","TetraTriYo",19.170853,-33.798126
"2220","TetraTriYo",24.79,-33.57
"2221","TetraTriYo",19.65,-33.37
"2222","TetraTriYo",19.66,-33.37
"2223","TetraTriYo",22.04,-33.34
"2224","TetraTriYo",19.59,-33.2
"2225","TetraTriYo",19.13,-32.47
"2226","TetraTriYo",19.12,-32.46
"2227","TetraUstul",19.18,-34.18
"2228","TetraUstul",19.02,-34.02
"2229","TetraUstul",18.41,-33.96
"2230","TetraUstul",18.42,-33.96
"2231","TetraUstul",18.43,-33.96
"2232","TetraUstul",22.27,-33.86
"2233","TetraUstul",19.15,-33.82
"2234","TetraUstul",19.25,-33.81
"2235","TetraUstul",19.09,-33.77
"2236","TetraUstul",19.19,-33.75
"2237","TetraUstul",18.94,-33.74
"2238","TetraUstul",19.14,-33.71
"2239","TetraUstul",19.18,-33.68
"2240","TetraUstul",19.19,-33.68
"2241","TetraUstul",19.19,-33.67
"2242","TetraUstul",19.14,-33.66
"2243","TetraUstul",19.15,-33.66
"2244","TetraUstul",19.14,-33.62
"2245","TetraUstul",18.8,-33.6
"2246","TetraUstul",19.14,-33.57
"2247","TetraUstul",19.11,-33.51
"2248","TetraUstul",19.32,-33.49
"2249","TetraUstul",19.31,-33.48
"2250","TetraUstul",19.4,-33.48
"2251","TetraUstul",19.27,-33.45
"2252","TetraUstul",19.45,-33.44
"2253","TetraUstul",19.43,-33.43
"2254","TetraUstul",19.63,-33.38
"2255","TetraUstul",19.65,-33.37
"2256","TetraUstul",19.66,-33.37
"2257","TetraUstul",19.31,-33.23
"2258","TetraUstul",19.3,-33.21
"2259","TetraUstul",19.18,-33.14
"2260","TetraUstul",19.19,-33.14
"2261","TetraUstul",19.17,-33.13
"2262","TetraUstul",19.1,-33.07
"2263","TetraUstul",19.17,-32.8
"2264","TetraUstul",18.5,-32.67
"2265","TetraUstul",18.51,-32.67
"2266","TetraUstul",19.15,-32.63
"2267","TetraUstul",19.14,-32.49
"2268","TetraUstul",19.16,-32.48
"2269","TetraUstul",19.13,-32.47
"2270","TetraUstul",19.12,-32.46
"2271","TetraUstul",19.14,-32.45
"2272","TetraUstul",19.17,-32.41
"2273","TetraUstul",18.83,-32.39
"2274","TetraUstul",19.09,-32.27
"2275","TetraUstul",19.1,-32.21
"2276","TetraUstul",19.09,-32.2
"2277","TetraUstul",19.07,-32.19
"2278","TetraUstul",18.99,-32.15
"2279","TetraUstul",19.01,-32.15
"2280","TetraUstul",19.17,-32.12
"2281","TetraUstul",18.76,-31.77
"2282","ThamnAcumi",19.963256,-34.618519
"2283","ThamnAcumi",19.67083333,-33.37333333
"2284","ThamnAcumi",21.409961,-33.361613
"2285","ThamnAcumi",19.390697,-32.827515
"2286","ThamnAcumi",19.168617,-32.529837
"2287","ThamnAcumi",19.162732,-32.517552
"2288","ThamnAcumi",19.155004,-32.511373
"2289","ThamnAcumi",19.162504,-32.507445
"2290","ThamnAcumi",19.152747,-32.503072
"2291","ThamnAcumi",19.160879,-32.501201
"2292","ThamnAcumi",19.15166667,-32.48638889
"2293","ThamnAcumi",19.159788,-32.473803
"2294","ThamnAcumi",19.159711,-32.472967
"2295","ThamnAcumi",19.261428,-32.441569
"2296","ThamnAcumi",19.007905,-32.325243
"2297","ThamnCiner",20.53333333,-33.98333333
"2298","ThamnCiner",19.506266,-33.971629
"2299","ThamnCiner",21.228828,-33.957212
"2300","ThamnCiner",21.217056,-33.957108
"2301","ThamnCiner",21.18638889,-33.95444444
"2302","ThamnCiner",20.806765,-33.94775
"2303","ThamnCiner",20.864804,-33.928688
"2304","ThamnCiner",23.120878,-33.923772
"2305","ThamnCiner",23.223591,-33.907583
"2306","ThamnCiner",22.37206,-33.899789
"2307","ThamnCiner",25.214755,-33.89528
"2308","ThamnCiner",22.373585,-33.891118
"2309","ThamnCiner",23.4975,-33.88611111
"2310","ThamnCiner",20.877935,-33.874676
"2311","ThamnCiner",21.65116,-33.678928
"2312","ThamnCiner",25.171385,-33.631379
"2313","ThamnCiner",25.184419,-33.619171
"2314","ThamnCiner",24.785707,-33.570072
"2315","ThamnCiner",20.969446,-33.559614
"2316","ThamnCiner",22.054647,-33.357675
"2317","ThamnCiner",22.048332,-33.352899
"2318","ThamnCiner",22.035309,-33.333694
"2319","ThamnLucen",19.012279,-34.263028
"2320","ThamnLucen",19.784972,-34.088671
"2321","ThamnLucen",18.96571,-34.011637
"2322","ThamnLucen",18.983185,-33.983894
"2323","ThamnLucen",18.414479,-33.978399
"2324","ThamnLucen",18.975957,-33.977939
"2325","ThamnLucen",18.421176,-33.972956
"2326","ThamnLucen",18.439663,-33.954234
"2327","ThamnLucen",19.163908,-33.935599
"2328","ThamnLucen",19.155035,-33.908146
"2329","ThamnLucen",19.156016,-33.905842
"2330","ThamnLucen",19.061686,-33.816511
"2331","ThamnLucen",19.137259,-33.569074
"2332","ThamnLucen",19.289415,-33.382816
"2333","ThamnLucen",19.114215,-33.366823
"2334","TriboEchin",18.601447,-33.442553
"2335","TriboEchin",19.035553,-32.8968
"2336","TriboEchin",18.737588,-32.856746
"2337","TriboEchin",19.020616,-32.737324
"2338","TriboEchin",18.947931,-32.642363
"2339","TriboEchin",18.749805,-32.589878
"2340","TriboEchin",18.853665,-32.219919
"2341","TriboEchin",19.090906,-32.213281
"2342","TriboEchin",19.011656,-32.137214
"2343","TriboEchin",19.030874,-32.134981
"2344","TriboEchin",18.582701,-31.995026
"2345","TriboEchin",18.780111,-31.743683
"2346","TriboEchin",19.184556,-31.684355
"2347","TriboEchin",19.209232,-31.647911
"2348","TriboEchin",19.0333,-31.4
"2349","TriboEchin",19.015355,-31.37305
"2350","TriboEchin",19.121247,-31.3133
"2351","TriboHispi",20.407606,-34.418469
"2352","TriboHispi",20.408387,-34.416728
"2353","TriboHispi",21.036517,-34.340838
"2354","TriboHispi",21.045812,-34.334613
"2355","TriboHispi",21.039747,-34.324849
"2356","TriboHispi",18.445454,-33.955104
"2357","TriboHispi",23.174351,-33.80277
"2358","TriboHispi",22.434077,-33.802024
"2359","TriboHispi",23.4333,-33.7667
"2360","TriboHispi",23.054085,-33.721521
"2361","TriboHispi",23.149596,-33.686673
"2362","TriboHispi",23.147873,-33.677134
"2363","TriboHispi",21.2091,-33.4507
"2364","TriboHispi",23.373899,-33.420968
"2365","TriboHispi",19.6667,-33.3833
"2366","TriboHispi",22.041036,-33.343028
"2367","TriboHispi",19.893635,-33.33267
"2368","TriboHispi",19.8333,-33.2667
"2369","TriboHispi",18.738375,-32.85595
"2370","TriboHispi",18.741773,-32.853788
"2371","TriboHispi",18.731844,-32.846692
"2372","TriboHispi",18.732056,-32.844461
"2373","TriboHispi",18.746448,-32.785833
"2374","TriboHispi",18.947931,-32.642363
"2375","TriboHispi",19.150727,-32.630595
"2376","TriboHispi",19.153144,-32.507605
"2377","TriboHispi",19.205049,-32.412098
"2378","TriboHispi",19.0167,-32.15
"2379","TriboHispi",18.948772,-32.144122
"2380","TriboHispi",19.02383,-32.14289
"2381","TriboHispi",19.030874,-32.134981
"2382","TriboHispi",18.781611,-31.745494
"2383","TriboHispi",18.780111,-31.743683
"2384","TriboHispi",19.0333,-31.4
"2385","TriboHispi",19.015355,-31.37305
"2386","TriboUniol",20.418823,-34.433665
"2387","TriboUniol",19.654291,-34.420054
"2388","TriboUniol",20.591436,-34.415167
"2389","TriboUniol",20.679159,-34.414148
"2390","TriboUniol",19.596493,-34.410437
"2391","TriboUniol",20.413972,-34.40024
"2392","TriboUniol",21.036517,-34.340838
"2393","TriboUniol",21.039747,-34.324849
"2394","TriboUniol",18.979817,-34.256407
"2395","TriboUniol",19.167828,-34.213235
"2396","TriboUniol",18.928246,-34.147196
"2397","TriboUniol",18.93165,-34.144643
"2398","TriboUniol",19.049145,-34.097021
"2399","TriboUniol",20.671249,-34.076953
"2400","TriboUniol",20.086815,-34.055019
"2401","TriboUniol",19.206937,-34.016242
"2402","TriboUniol",18.98069,-33.995713
"2403","TriboUniol",18.980357,-33.988919
"2404","TriboUniol",18.423032,-33.974433
"2405","TriboUniol",18.421176,-33.972956
"2406","TriboUniol",18.411066,-33.968416
"2407","TriboUniol",20.800084,-33.963784
"2408","TriboUniol",18.413844,-33.954201
"2409","TriboUniol",18.439055,-33.954165
"2410","TriboUniol",18.439193,-33.954091
"2411","TriboUniol",23.165856,-33.947219
"2412","TriboUniol",19.164366,-33.934734
"2413","TriboUniol",20.884037,-33.929128
"2414","TriboUniol",19.158759,-33.91847
"2415","TriboUniol",19.152738,-33.907197
"2416","TriboUniol",23.186249,-33.828681
"2417","TriboUniol",23.174351,-33.80277
"2418","TriboUniol",22.434077,-33.802024
"2419","TriboUniol",23.4333,-33.7667
"2420","TriboUniol",23.053566,-33.721392
"2421","TriboUniol",23.147873,-33.677134
"2422","TriboUniol",21.495367,-33.642774
"2423","TriboUniol",19.1,-33.6167
"2424","TriboUniol",19.1167,-33.6167
"2425","TriboUniol",18.601447,-33.442553
"2426","TriboUniol",22.054417,-33.357341
"2427","TriboUniol",19.082916,-33.350599
"2428","TriboUniol",22.047455,-33.348893
"2429","TriboUniol",19.893635,-33.33267
"2430","TriboUniol",19.99119,-33.305812
"2431","TriboUniol",19.301355,-33.242295
"2432","TriboUniol",18.736984,-32.85603
"2433","TriboUniol",18.738375,-32.85595
"2434","TriboUniol",18.741773,-32.853788
"2435","TriboUniol",18.731844,-32.846692
"2436","TriboUniol",18.947931,-32.642363
"2437","TriboUniol",19.150727,-32.630595
"2438","TriboUniol",18.960263,-32.13585
"2439","TriboUniol",19.030874,-32.134981
"2440","TriboUniol",18.781611,-31.745494
